time_start,time_end,model,launch_place,target,carrier,launched,destroyed,source
2022-09-28,2022-09-28,X-59,,Dnipropetrovsk oblast and Zaporizhzhia oblast,Su-35,5,4,kpszsu/posts/pfbid02sjn5m7kosAfsm5bSUzpPwbLuH3kfhGHLNvB9uJukgSxqxwuDX9BWhZYYx1KMstqMl
2022-09-28,2022-09-28,Reconnaissance UAV,,Ukraine,,3,3,kpszsu/posts/pfbid0grmBx6A5LbQ7PVTkSx7jTDgg4iUoRsmnjMJYre6C5HCjANzJ6EzcUB9e2Fjsd84Yl
2022-09-29 23:00,2022-09-29 23:59,Shahed-136/131,,Odesa oblast and Mykolaiv oblast,,7,5,kpszsu/posts/pfbid021aK2TqryAuB8gGrDYMTv3R8XiubgLAPeZiiRQJakECpBcJan1rbHcRpSEjf5ewCwl
2022-09-30,2022-09-30,Orlan-10,,Ukraine,,3,3,kpszsu/posts/pfbid0nELeXY4BpHrezv54Lk3gWPZJmcCmBTf1NS4GqP6pXQuU2tP8biUNoEWuvLCoJp5El
2022-10-01 12:00,2022-10-01 12:00,Orlan-10,,Ukraine,,1,1,watch/?v=375517448001233
2022-10-02 00:00,2022-10-02 02:00,Shahed-136/131,,Mykolaiv oblast,,7,5,kpszsu/posts/pfbid021aK2TqryAuB8gGrDYMTv3R8XiubgLAPeZiiRQJakECpBcJan1rbHcRpSEjf5ewCwl
2022-10-04 12:00,2022-10-05 12:00,Shahed-136/131,,Odesa oblast,,1,1,PvKPivden/posts/pfbid0EM5r4XVKtswhUh8p8WY4UeJpCuDWG3yby7abivrxfZBWeQEfw7Pju7kuZmePeqZjl
2022-10-05,2022-10-05 02:00,Shahed-136/131,,south,,6,6,kpszsu/posts/pfbid0ijKPtn19ybY71UFsnyhNA7YCx9iJ8gEGP3FwkiFzGR3975tXYXmnwCgWZJPHY8CGl
2022-10-05 11:30,2022-10-05 11:30,Orlan-10,,Ochakiv,,1,1,PvKPivden/posts/pfbid0UMArbZhTFUa2w6vQ2uAwe2AbQPtujfLKU4KMsbemxp2CN914h45GbZwakmuqcAgal
2022-10-06,2022-10-06 02:00,Shahed-136/131,,south,,9,9,kpszsu/posts/pfbid0cUxYK69qorY8Td3GYrEifznzmJdFsed1Q2pRKP4X5XkBR51WKSafqKz3Fnk3izGil
2022-10-06 09:00,2022-10-06 11:30,Mohajer-6,,Mykolaiv oblast,,1,1,kpszsu/posts/pfbid02YPkepucHoDQbmGfZURk8ScqNyMGEgm7ZoSW4Bhw9Y2AzgkmJrg3xy2BUV1WVpUFMl
2022-10-06 09:00,2022-10-06 11:30,Shahed-136/131,,Mykolaiv oblast,,2,2,kpszsu/posts/pfbid02YPkepucHoDQbmGfZURk8ScqNyMGEgm7ZoSW4Bhw9Y2AzgkmJrg3xy2BUV1WVpUFMl
2022-10-06 15:00,2022-10-06 20:00,Shahed-136/131,,south,,3,3,kpszsu/posts/pfbid0rxEnbpvxAg8d8J5NW9ABgghPzcbv8B8djBVzqg1QRFzXKwBSENc5SWsMsUJTWuPLl
2022-10-06 15:00,2022-10-06 20:00,Orlan-10,,south,,1,1,kpszsu/posts/pfbid0rxEnbpvxAg8d8J5NW9ABgghPzcbv8B8djBVzqg1QRFzXKwBSENc5SWsMsUJTWuPLl
2022-10-06 15:00,2022-10-06 20:00,Mohajer-6,,south,,1,1,kpszsu/posts/pfbid0rxEnbpvxAg8d8J5NW9ABgghPzcbv8B8djBVzqg1QRFzXKwBSENc5SWsMsUJTWuPLl
2022-10-07 20:00,2022-10-07 21:30,Shahed-136/131,,Odesa oblast and Mykolaiv oblast,,3,3,kpszsu/posts/pfbid026hagTWFWC9imHVLqQ4uBwCiVUDX7LWyrF1TudccwrPEYh5v2nX935ebj4afpGwXxl
2022-10-08 08:00,2022-10-08 08:00,Shahed-136/131,,Ukraine,,1,1,kpszsu/posts/pfbid02gUoyyNCK9No3UQx89CZDs4rND5MTegiuRz4zaFomMbJMxJaaLDjafqrKxACxFdYMl
2022-10-08 08:00,2022-10-08 08:00,Unknown UAV,,Ukraine,,2,2,kpszsu/posts/pfbid02gUoyyNCK9No3UQx89CZDs4rND5MTegiuRz4zaFomMbJMxJaaLDjafqrKxACxFdYMl
2022-10-09 00:30,2022-10-09 08:00,X-22,Ryazan oblast,Zaporizhzhia,6 x Tu-22M3,4,0,kpszsu/posts/pfbid02gUoyyNCK9No3UQx89CZDs4rND5MTegiuRz4zaFomMbJMxJaaLDjafqrKxACxFdYMl
2022-10-09 00:30,2022-10-09 08:00,X-59,Rostov oblast,Zaporizhzhia,7 x Su-35,2,1,kpszsu/posts/pfbid02gUoyyNCK9No3UQx89CZDs4rND5MTegiuRz4zaFomMbJMxJaaLDjafqrKxACxFdYMl
2022-10-09 00:30,2022-10-09 08:00,C-300,,Zaporizhzhia,,16,0,kpszsu/posts/pfbid02gUoyyNCK9No3UQx89CZDs4rND5MTegiuRz4zaFomMbJMxJaaLDjafqrKxACxFdYMl
2022-10-10 06:00,2022-10-10 14:00,X-101/X-555 and Kalibr,Caspian Sea and Black Sea,Ukraine,Tu-95MS and Tu-160 and Navi,84,43,GeneralStaff.ua/posts/pfbid02p2RAc57tGyV8pCbsa3sTXemdBgNzoSZXvdpQYHoRSSMBKBDrbLjLGoVx9QLiC8nSl
2022-10-10 06:00,2022-10-10 14:00,Unknown UAV,,Ukraine,,11,3,GeneralStaff.ua/posts/pfbid02p2RAc57tGyV8pCbsa3sTXemdBgNzoSZXvdpQYHoRSSMBKBDrbLjLGoVx9QLiC8nSl
2022-10-10 06:00,2022-10-10 14:00,Shahed-136/131,,Ukraine,,13,10,GeneralStaff.ua/posts/pfbid02p2RAc57tGyV8pCbsa3sTXemdBgNzoSZXvdpQYHoRSSMBKBDrbLjLGoVx9QLiC8nSl
2022-10-10 15:00,2022-10-11 18:30,Shahed-136/131,Kursk and Belarus,Kyiv oblast and north,,13,13,kpszsu/posts/pfbid0Gv3heCb22oahBFUGnU5vsyhnfWtn6vN2zH1VfFA3bijoQjRDRRjHACA2PM2CmkaYl
2022-10-11 03:30,2022-10-11 05:30,Shahed-136/131,,Odesa oblast and Mykolaiv oblast,,8,8,PvKPivden/posts/pfbid03SyNuH7Da7WtvK8ZG9WYvn4BZiMVibYFDHLPuQsZeQ4WXcGPJpNEu8TyKs62aTy2l
2022-10-11 07:00,2022-10-11 13:00,Shahed-136/131,,Ukraine,,13,13,kpszsu/posts/pfbid0mtZwKQqK2Pg7GuxCYqAvW1tB4e4H97kWAn1KYEifpWWLShDtKBpy3aB16vCaUo3il
2022-10-11 07:00,2022-10-11 13:00,X-101/X-555 and Kalibr,Caspian Sea and Black Sea,Ukraine,Tu-95MS and Navi,28,20,kpszsu/posts/pfbid0mtZwKQqK2Pg7GuxCYqAvW1tB4e4H97kWAn1KYEifpWWLShDtKBpy3aB16vCaUo3il
2022-10-12,2022-10-12,Shahed-136/131,,Ukraine,,17,17,kpszsu/posts/pfbid034dE8DW22wTNPUnVBGomVhu29AC3eiiWo56avuxjYLXPCUhEc3S1gN3h4FS4SWv99l
2022-10-12,2022-10-12,Lancet,,Ukraine,,2,2,kpszsu/posts/pfbid034dE8DW22wTNPUnVBGomVhu29AC3eiiWo56avuxjYLXPCUhEc3S1gN3h4FS4SWv99l
2022-10-13,2022-10-13 08:00,Shahed-136/131,,Odesa oblast and Mykolaiv oblast,,6,6,kpszsu/posts/pfbid02MrwJSi82py3PLX3WccLtnQ3tU9ux2UcDsJ2qZokDC8DFKXgBp68fZ36tFMNqtf21l
2022-10-13 16:00,2022-10-13 17:00,Kalibr,Black Sea,west,Navi,5,5,kpszsu/posts/pfbid02bcKsfy5x7GLiQaC81A6TjqKTkGJwBCLi6Mx9rv8AgDmgoMD5JeSMZUNr7Ua6Dmjl
2022-10-14,2022-10-14 08:00,Shahed-136/131,,Ukraine,,8,8,kpszsu/posts/pfbid0eQTXEa84uvWMEkqSk8x6U4JfRQNwB6vFGeQWvpNUuhCBaUM7E3FFv9SChd2RY8dol
2022-10-15 00:00,2022-10-15 00:30,Shahed-136/131,,Ukraine,,6,6,kpszsu/posts/pfbid0Qh5fhn2ZSJah78q33zVQNScY3CEVJ1t1kCy1H3JbLgL6j42CbP4ocGavGEuGgJxzl
2022-10-16 21:30,2022-10-16 21:30,Shahed-136/131,,south,,11,11,kpszsu/posts/pfbid02JKqiyLNPBwv9VdAcCJdXTvq73TjynUjVioohrag6pHRA1yxGFTSi9iw3shaWSX4Wl
2022-10-17 03:30,2022-10-17 06:50,Shahed-136/131,,Odesa oblast and Mykolaiv oblast,,15,15,kpszsu/posts/pfbid02TD6PcHZyPw52QZVet5zXMr5FQXaCw848ebsxPpLZLEENqzVfmt4CUBCopqBPsxyMl
2022-10-17 03:30,2022-10-17 06:50,Unknown Missile,,Ukraine,,3,3,kpszsu/posts/pfbid02TD6PcHZyPw52QZVet5zXMr5FQXaCw848ebsxPpLZLEENqzVfmt4CUBCopqBPsxyMl
2022-10-17,2022-10-17 10:00,Shahed-136/131,,Ukraine,,11,11,kpszsu/posts/pfbid02YU7oDaBcB48Kxuuzmmzphehk1snk5oo557EYTWCnreoNrpc5yMZYRjoFS2eGXLwNl
2022-10-17 15:00,2022-10-17 15:00,Kalibr,Black Sea,Ukraine,Navi,2,2,kpszsu/posts/pfbid02nLZQxRZWYR2bCJfXVDDgfag3LsHuw5jkAUFfjyRGHFMZZcGUCVPHvvzFNCC8c3jYl
2022-10-17,2022-10-17 21:00,Shahed-136/131,,Ukraine,,8,8,kpszsu/posts/pfbid02nLZQxRZWYR2bCJfXVDDgfag3LsHuw5jkAUFfjyRGHFMZZcGUCVPHvvzFNCC8c3jYl
2022-10-18,2022-10-18 08:00,Shahed-136/131,,Ukraine,,6,6,kpszsu/posts/pfbid0a2YYDNN4TPmq9jyJQ69inBXzi6pBtT4LVJCuV7xTUBSnDXdFHaLHqFC3yxX74fbxl
2022-10-18,2022-10-18 08:00,X-101/X-555,,Ukraine,,1,1,kpszsu/posts/pfbid0a2YYDNN4TPmq9jyJQ69inBXzi6pBtT4LVJCuV7xTUBSnDXdFHaLHqFC3yxX74fbxl
2022-10-18,2022-10-18 08:00,Kalibr,Black Sea,Ukraine,Navi,4,4,kpszsu/posts/pfbid0a2YYDNN4TPmq9jyJQ69inBXzi6pBtT4LVJCuV7xTUBSnDXdFHaLHqFC3yxX74fbxl
2022-10-19,2022-10-19 08:00,Shahed-136/131,,Mykolaiv oblast,,13,13,kpszsu/posts/pfbid0dvpyPJB63BjXga5mid42iZziAYUiFYQzBx6YajQ7gC57xUyfu5dGeGqyYYwsbHVrl
2022-10-19 12:00,2022-10-19 15:30,X-101/X-555,north-east,Ukraine,Tu-95 and Tu-160,6,4,kpszsu/posts/pfbid033iCN7MDqAnqob6Bn8ZZdCcuFpyQKZd2abkcYf2ehbriqGBgvxuv6sAUA5pDiemWl
2022-10-19 12:00,2022-10-19 15:30,Shahed-136/131,Belarus,Ukraine,,10,10,kpszsu/posts/pfbid033iCN7MDqAnqob6Bn8ZZdCcuFpyQKZd2abkcYf2ehbriqGBgvxuv6sAUA5pDiemWl
2022-10-20 00:00,2022-10-20 02:00,Shahed-136/131,,Mykolaiv oblast,,14,14,kpszsu/posts/pfbid0Q3QMCd1DJzN6whFeCPoLdL8EjpZosxdop7fA3zpAoLt3NKgMgHLdpfHUWWUZ7WB8l
2022-10-22 00:00,2022-10-22 02:00,Shahed-136/131,,Mykolaiv oblast,,10,10,kpszsu/posts/pfbid02BZffKZ7hQv7LHnCLLDJKjfCzSMrqN4LxRusevhacdRrsHeRVJ1XMLvPJ3RY8iv93l
2022-10-22 07:00,2022-10-22 11:00,Kalibr,Black Sea,Ukraine,Navi,16,5,kpszsu/posts/pfbid02eZKmuhuBEXeFQmBusqtMaBnmFfGXRhSrxf8vHQBTgRBghGSQJJMg7GeNcR86nfRl
2022-10-22 07:00,2022-10-22 11:00,X-101/X-555,Caspian Sea and Volgodonsk,Ukraine,Tu-95 and Tu-160,17,13,kpszsu/posts/pfbid02eZKmuhuBEXeFQmBusqtMaBnmFfGXRhSrxf8vHQBTgRBghGSQJJMg7GeNcR86nfRl
2022-10-23 00:00,2022-10-23 02:00,Shahed-136/131,,Ukraine,,16,16,kpszsu/posts/pfbid02CvjcUHYXZ6sScGpvSHfbU5up1TQHvt8ENce6nKzWYTSmzci3uWuKQzy1ovTd6q3vl
2022-10-25 21:00,2022-10-25 21:00,Shahed-136/131,,Kherson oblast,,2,2,kpszsu/posts/pfbid07GLkQrKHY8NKfEPShnA4Z5RFvreezUYDQBzut2iJZYNaPxQuAZAoYgF4sy4afkTBl
2022-10-25 21:30,2022-10-25 21:30,Shahed-136/131,,Dnipropetrovsk oblast,,1,1,kpszsu/posts/pfbid0GjtNgg9D6KWiQz2KEHRaE3xzRZic9fvSkNwA4LZFCXVeNDNffpaK51QRvxzmtEfVl
2022-10-26 22:00,2022-10-26 23:59,Shahed-136/131,,Odesa oblast and Mykolaiv oblast and Vinnytsia oblast,,20,19,kpszsu/posts/pfbid0Nz8sSvbeVf4bYVindHVRiEwhHxRKvc2EQisqUXWwm69n9p3uPhhUdCUjwFyL9GhWl
2022-10-26 22:00,2022-10-26 23:59,X-59,,Ukraine,,1,1,kpszsu/posts/pfbid0Nz8sSvbeVf4bYVindHVRiEwhHxRKvc2EQisqUXWwm69n9p3uPhhUdCUjwFyL9GhWl
2022-10-31 07:00,2022-10-31 09:00,X-101/X-555,Caspian Sea and Volgodonsk,Ukraine,Tu-95 and Tu-160,50,44,kpszsu/posts/pfbid0mrAatxEGbfHxyZLcCXnn86UXN2qjbYCPMW1ND1t4JNRrHNXCK4hmc4GEAxPZbDgjl
2022-11-01 01:30,2022-11-02 03:00,Shahed-136/131,north-east,Poltava oblast,,3,3,kpszsu/posts/pfbid02Wm6DzLJGCG5rSRJ7MKGNZg2p6bvk2dJu7frZVtVdtPKT1SYg2H6zcqaEUWe2E1Gkl
2022-11-01 01:30,2022-11-02 03:00,Shahed-136/131,north-east,Dnipropetrovsk oblast,,3,3,kpszsu/posts/pfbid02Wm6DzLJGCG5rSRJ7MKGNZg2p6bvk2dJu7frZVtVdtPKT1SYg2H6zcqaEUWe2E1Gkl
2022-11-01 12:00,2022-11-01 12:00,Reconnaissance UAV,,Donetsk oblast,,1,1,kpszsu/posts/pfbid02QoLAbTAh8vsMRhyRgMWXJijiwcK2Rf7efCrwtoU8kar2uiAPzGVDywuhpXotuh1Ll
2022-11-01 23:00,2022-11-02 01:00,Shahed-136/131,,east,,13,12,kpszsu/posts/pfbid0283Mw4wfcVDMWsUBohsEc1mP3dKQPKAYa6NCs8Z7EzR3MD1aD6ADtu9WerPTwEDbGl
2022-11-03 22:00,2022-11-04 01:00,Shahed-136/131,,east,,9,9,kpszsu/posts/pfbid0xouRBGCch7kyn4J775vuBzhJPzGbhTxATn2YvNM3vEDLA47TbCJtvJswkbDEDRoYl
2022-11-04 16:00,2022-11-04 16:00,Kalibr,,south,,2,2,kpszsu/posts/pfbid02yZohbWhrTwfjRSE73MQrhdbt8EctQ1JUZrDxo8yJb9ShbD8HxCwjWCT5Qwnf9D8al
2022-11-04,2022-11-04,Unknown UAV,,,,3,3,kpszsu/posts/pfbid02yZohbWhrTwfjRSE73MQrhdbt8EctQ1JUZrDxo8yJb9ShbD8HxCwjWCT5Qwnf9D8al
2022-11-04,2022-11-04,Shahed-136/131,,,,11,11,kpszsu/posts/pfbid02yZohbWhrTwfjRSE73MQrhdbt8EctQ1JUZrDxo8yJb9ShbD8HxCwjWCT5Qwnf9D8al
2022-11-09,2022-11-09,Shahed-136/131,Zaporizhzhia oblast,,,5,5,kpszsu/posts/pfbid02qZmk4NqTpbjF8N2j6Kj6iX5dextMG6KTyUChyWKDcFHJ5oz7qPSUJsrfaiFDWfqul
2022-11-09,2022-11-09,Orlan-10,,,,1,1,kpszsu/posts/pfbid02qZmk4NqTpbjF8N2j6Kj6iX5dextMG6KTyUChyWKDcFHJ5oz7qPSUJsrfaiFDWfqul
2022-11-14 10:00,2022-11-14 11:00,Unknown UAV,,south,,2,2,kpszsu/posts/pfbid0i3v3KWwzHpPZKaShVxi6tFuvhrquVUF3XSttrSh2jJ3NHxRihwhKwiCJjHMe9cWZl
2022-11-15,2022-11-15,X-101/X-555 and Kalibr,Caspian Sea and Volgodonsk and Black Sea,Ukraine,14 x Tu-95MS and Navi,96,75,kpszsu/posts/pfbid05BoLmgkLfpYSvAjw5ahfyvBAZrMK3c6vbLaHSvUoeGndpy8tzJe7dCWUa88YGwD2l
2022-11-15,2022-11-15,X-59,,Ukraine,,2,2,kpszsu/posts/pfbid05BoLmgkLfpYSvAjw5ahfyvBAZrMK3c6vbLaHSvUoeGndpy8tzJe7dCWUa88YGwD2l
2022-11-15,2022-11-15,Shahed-136/131,,Ukraine,,10,10,kpszsu/posts/pfbid0K2bwmVod7ngEjzbcM9hPADXD5qVqJHhysmyihew9XNJzJZVvwpQ4f8dLJkuWVTrAl
2022-11-15,2022-11-15,Orlan-10,,Ukraine,,1,1,kpszsu/posts/pfbid0K2bwmVod7ngEjzbcM9hPADXD5qVqJHhysmyihew9XNJzJZVvwpQ4f8dLJkuWVTrAl
2022-11-15,2022-11-15,Orion,,Ukraine,,1,1,kpszsu/posts/pfbid0K2bwmVod7ngEjzbcM9hPADXD5qVqJHhysmyihew9XNJzJZVvwpQ4f8dLJkuWVTrAl
2022-11-17,2022-11-17,X-101/X-555,Volgodonsk,Ukraine,9 x Tu-95MS,18,4,kpszsu/posts/pfbid0NsigqYjBmu1QbSWfFahzmFLNBseZECyfKNDJFcegvakkun1jCsjJhFisCfLWnpKVl
2022-11-17,2022-11-17,X-59,,south,,2,2,kpszsu/posts/pfbid0NsigqYjBmu1QbSWfFahzmFLNBseZECyfKNDJFcegvakkun1jCsjJhFisCfLWnpKVl
2022-11-17,2022-11-17,Shahed-136/131,Belarus,center,,5,5,kpszsu/posts/pfbid0K2bwmVod7ngEjzbcM9hPADXD5qVqJHhysmyihew9XNJzJZVvwpQ4f8dLJkuWVTrAl
2022-11-23,2022-11-23,Lancet,,south,,5,5,kpszsu/posts/pfbid0j2bUzhf27gnFdvp1gfoiSP8jAYacevDjmHNT3K7HWNmGE2iW1k8XoowKCSXQvUBZl
2022-11-23,2022-11-23,X-101/X-555 and Kalibr,Caspian Sea and Volgodonsk and Black Sea,Ukraine,10 x Tu-95MS and Navi,70,51,kpszsu/posts/pfbid0j2bUzhf27gnFdvp1gfoiSP8jAYacevDjmHNT3K7HWNmGE2iW1k8XoowKCSXQvUBZl
2022-12-05,2022-12-05,X-101/X-555,Caspian Sea and Volgodonsk,Ukraine,8 x Tu-95MS,38,38,kpszsu/posts/pfbid02WAuaJRnbwHukdqtvidXWFZyPvisky16EmBdGqaY33muC2tPSsbHfPzo8iPzPbh2hl
2022-12-05,2022-12-05,Kalibr,Black Sea,Ukraine,Navi,22,22,kpszsu/posts/pfbid02WAuaJRnbwHukdqtvidXWFZyPvisky16EmBdGqaY33muC2tPSsbHfPzo8iPzPbh2hl
2022-12-05,2022-12-05,X-22,Black Sea,Ukraine,Tu-22M3,3,0,kpszsu/posts/pfbid02WAuaJRnbwHukdqtvidXWFZyPvisky16EmBdGqaY33muC2tPSsbHfPzo8iPzPbh2hl
2022-12-05,2022-12-05,X-59,Black Sea,Ukraine,Su-35,6,0,kpszsu/posts/pfbid02WAuaJRnbwHukdqtvidXWFZyPvisky16EmBdGqaY33muC2tPSsbHfPzo8iPzPbh2hl
2022-12-05,2022-12-05,X-31P,Black Sea,Ukraine,Su-35,1,0,kpszsu/posts/pfbid02WAuaJRnbwHukdqtvidXWFZyPvisky16EmBdGqaY33muC2tPSsbHfPzo8iPzPbh2hl
2022-12-07,2022-12-07,Unknown UAV,south-east,,,2,2,kpszsu/posts/pfbid0K2bwmVod7ngEjzbcM9hPADXD5qVqJHhysmyihew9XNJzJZVvwpQ4f8dLJkuWVTrAl
2022-12-07,2022-12-07,Orlan-10,south-east,,,1,1,kpszsu/posts/pfbid0K2bwmVod7ngEjzbcM9hPADXD5qVqJHhysmyihew9XNJzJZVvwpQ4f8dLJkuWVTrAl
2022-12-07,2022-12-07,Shahed-136/131,south-east,,,11,11,kpszsu/posts/pfbid0K2bwmVod7ngEjzbcM9hPADXD5qVqJHhysmyihew9XNJzJZVvwpQ4f8dLJkuWVTrAl
2022-12-10,2022-12-10 08:00,Shahed-136/131,eastern coast of the Sea of Azov,Odesa oblast and Mykolaiv oblast and Kherson oblast,,15,10,kpszsu/posts/pfbid0H4NK3oS4XPeXWfcmKzJBhhD64gbpVJEwi9jVeGeP7usUjh9YXScWfZzK7Hia4fHWl
2022-12-14,2022-12-14 09:15,Shahed-136/131,eastern coast of the Sea of Azov,Ukraine,,13,13,kpszsu/posts/pfbid037YJuU766b8ZFGBktzsj4G6wgtuYwAm2yw15Gbfgs3rC5PcK5fmhbnppU9wmRQtTdl
2022-12-16,2022-12-16,X-101/X-555 and X-22 and Kalibr,Caspian Sea and Saratov and Black Sea and Sea of Azov,Ukraine,Tu-95MS and Admiral Makarov and Tu-22M3,72,60,kpszsu/posts/pfbid0iN3SZTKGt5vvrcygMaNSjbrRC7NJkBZjDgTYdUteEk1WTtzYWSmDasinXwLgLJ1Rl
2022-12-16,2022-12-16,X-59 and X-31P,,Ukraine,Su-35,4,0,kpszsu/posts/pfbid0iN3SZTKGt5vvrcygMaNSjbrRC7NJkBZjDgTYdUteEk1WTtzYWSmDasinXwLgLJ1Rl
2022-12-16,2022-12-16,C-300,,,,27,0,kpszsu/posts/pfbid0iN3SZTKGt5vvrcygMaNSjbrRC7NJkBZjDgTYdUteEk1WTtzYWSmDasinXwLgLJ1Rl
2022-12-19,2022-12-19 08:00,Shahed-136/131,eastern coast of the Sea of Azov,Ukraine,,35,30,kpszsu/posts/pfbid0a55gguTpLr1WiQnmgJ6uSU179G47AcdGrTFyAy5wvCbcUruFE83otiegTFrdDxDnl
2022-12-20 13:00,2022-12-20 14:00,Orion,,Kherson oblast,,1,1,PvKPivden/videos/877352513463110
2022-12-20 13:00,2022-12-20 14:00,Unknown UAV,,Mykolaiv oblast,,1,1,PvKPivden/videos/877352513463110
2022-12-22,2022-12-22,X-59MK2,Black Sea,Mykolaiv oblast,Su-35,1,1,kpszsu/posts/pfbid02MHKreQ3VGHKwg7JTntPBaVL74oFEBgHUsJyMfRpeoUedwAFtJBsNDTJK7EF1eUYyl
2022-12-29,2022-12-29,Orlan-10,,Kyiv oblast,,1,1,kpszsu/posts/pfbid0S4cPcxaKz4wykVGh6CeuPaHYCBExNNipnLw2j8qvqDri9iMaegQUEL9SpB1ZtW76l
2022-12-29,2022-12-29,Orlan-10,east,Ukraine,,3,3,kpszsu/posts/pfbid0S4cPcxaKz4wykVGh6CeuPaHYCBExNNipnLw2j8qvqDri9iMaegQUEL9SpB1ZtW76l
2022-12-29 07:00,2022-12-29 10:00,X-101/X-555 and Kalibr,Caspian Sea and Volgodonsk and Black Sea,Ukraine,Tu-95MS and Navi,62,58,kpszsu/posts/pfbid0S4cPcxaKz4wykVGh6CeuPaHYCBExNNipnLw2j8qvqDri9iMaegQUEL9SpB1ZtW76l
2022-12-29 07:00,2022-12-29 10:00,X-31P,,Ukraine,Su-35,2,0,kpszsu/posts/pfbid0S4cPcxaKz4wykVGh6CeuPaHYCBExNNipnLw2j8qvqDri9iMaegQUEL9SpB1ZtW76l
2022-12-29 07:00,2022-12-29 10:00,X-22 and X-32,,Ukraine,Tu-22M3,6,0,kpszsu/posts/pfbid0S4cPcxaKz4wykVGh6CeuPaHYCBExNNipnLw2j8qvqDri9iMaegQUEL9SpB1ZtW76l
2022-12-30 08:00,2022-12-30 08:00,Shahed-136/131,north and south-east,Ukraine,,16,16,kpszsu/posts/pfbid02zA6Y4D8gcc9rNxXTAogJd5Lek6Yg8kQkHSeCcqCND8UB2B9cY3tdxxJpaSLmFUN2l
2022-12-31 13:00,2022-12-31 16:00,Orlan-10,,Kyiv oblast,,1,1,kpszsu/posts/pfbid02BJwxSbgrwKzGEsK6jyhJbph7RRXXUgW9XvPGpcVjQBwsMwHaGqqCf3NMRGShXQdJl
2022-12-31 13:00,2022-12-31 16:00,Unknown Missile,Caspian Sea,Ukraine,Tu-95MS and Iskander-M,20,12,kpszsu/posts/pfbid02BJwxSbgrwKzGEsK6jyhJbph7RRXXUgW9XvPGpcVjQBwsMwHaGqqCf3NMRGShXQdJl
2023-01-01,2023-01-01 08:00,Shahed-136/131,,Ukraine,,45,45,kpszsu/posts/pfbid02xyQJqVmLq3iBHmbKshd6AFpQdwZ6z3AjfUMHU4iDUhWY3FQ3vfDzXYDBqnemvp3dl
2023-01-02,2023-01-02 08:00,Shahed-136/131,,Ukraine,,39,39,kpszsu/posts/pfbid037Pa7yRRveDj81HSM2g7AFiPjsYJiy4Y3tjw3PYrCj1brZKZ1gKpPRbdo9GGXYTAWl
2023-01-02,2023-01-02,X-59,,,,1,1,kpszsu/posts/pfbid037Pa7yRRveDj81HSM2g7AFiPjsYJiy4Y3tjw3PYrCj1brZKZ1gKpPRbdo9GGXYTAWl
2023-01-02,2023-01-02,Orlan-10,,,,1,1,kpszsu/posts/pfbid037Pa7yRRveDj81HSM2g7AFiPjsYJiy4Y3tjw3PYrCj1brZKZ1gKpPRbdo9GGXYTAWl
2023-01-11 11:00,2023-01-11 14:00,Orlan-10,,south,,1,1,kpszsu/posts/pfbid02J6yhbpmiVnKLio6c9fqzHhZL3Vp2XG9RjM3AqSv9TfyNsy14TXvnkDqtyQU8bpQMl
2023-01-11 11:00,2023-01-11 14:00,Orlan-10,,south,,1,1,kpszsu/posts/pfbid02SNdSswZstsXrjNz9ScYtcjzXhshXUBzaxNWKpmDjSkjrZ7ZV7RshzjWQ2TM1fxPwl
2023-01-11 12:00,2023-01-11 12:00,Unknown UAV,,Odesa oblast,,1,1,PvKPivden/posts/pfbid02fnRXDLnmk77Qzbxz1PPKizhBw8KHqE6uVdp4RBzqPC64gzKhno4gdMKdp6Y9G3sSl
2023-01-12 09:00,2023-01-12 09:00,Orlan-10,,south,,1,1,kpszsu/posts/pfbid036sYAqDbhfDVz62XCzxM3yX5rADhTH5DfffTQeQyQRsPs8cEw5u4Fxz8S7ysjxFA8l
2023-01-14,2023-01-14,X-101/X-555,Caspian Sea,Ukraine,8 x TU-95MS,16,14,kpszsu/posts/pfbid033cViddnvVWtdJhK3rCTpRvdpGA6fADifW1s2NucPhySJeQ33jWg7aiv942zb2eUJl
2023-01-14,2023-01-14,Kalibr,Black Sea,Ukraine,Navi,7,4,kpszsu/posts/pfbid033cViddnvVWtdJhK3rCTpRvdpGA6fADifW1s2NucPhySJeQ33jWg7aiv942zb2eUJl
2023-01-14,2023-01-14,X-59,,Ukraine,Su-35,10,7,kpszsu/posts/pfbid033cViddnvVWtdJhK3rCTpRvdpGA6fADifW1s2NucPhySJeQ33jWg7aiv942zb2eUJl
2023-01-14,2023-01-14,X-22,Kursk and Sea of Azov,Ukraine,4 x Tu-22M3,4,0,kpszsu/posts/pfbid033cViddnvVWtdJhK3rCTpRvdpGA6fADifW1s2NucPhySJeQ33jWg7aiv942zb2eUJl
2023-01-14 15:30,2023-01-14 15:30,X-22,Kursk,Dnipro,1 x Tu-22M3,1,0,kpszsu/posts/pfbid033cViddnvVWtdJhK3rCTpRvdpGA6fADifW1s2NucPhySJeQ33jWg7aiv942zb2eUJl
2023-01-20 18:00,2023-01-20 18:00,Merlin-VR,,Dnipropetrovsk oblast,,1,1,kpszsu/posts/pfbid0yddJrRBXMSKfPD8pwbdFGryk81LpRuQB6NxyfHKj9XL4EyaYJAVqim3ohxuQs862l
2023-01-20 18:00,2023-01-20 18:00,Orlan-10,,south,,1,1,kpszsu/posts/pfbid0yddJrRBXMSKfPD8pwbdFGryk81LpRuQB6NxyfHKj9XL4EyaYJAVqim3ohxuQs862l
2023-01-23 10:00,2023-01-23 16:00,X-59,,east,,2,2,kpszsu/posts/pfbid02tfreFvv7ptPsRG6sQUysCPb4UETxp5mzETxhipxcp4xcn48fetVhBFiN2jSCHyF1l
2023-01-23 10:00,2023-01-23 16:00,Orlan-10,,east,,1,1,kpszsu/posts/pfbid02tfreFvv7ptPsRG6sQUysCPb4UETxp5mzETxhipxcp4xcn48fetVhBFiN2jSCHyF1l
2023-01-25 09:00,2023-01-25 12:00,Orlan-10,,east,,1,1,kpszsu/posts/pfbid02WyyV7bsxs82CXgrLk5p4SWt4eNnNbihRkmXMEbbUjfZHHBiXoDNgwvjxVMLZDiX5l
2023-01-26 04:00,2023-01-26 04:00,Shahed-136/131,eastern coast of the Sea of Azov,Ukraine,,24,24,kpszsu/posts/pfbid0LdKYbPNn6xX8k8pEWewDf1K8kpoBMBRUSjxeLPGYixgnffY55ZgEhCZsyHLevJ1yl
2023-01-26 10:45,2023-01-26 10:45,X-101/X-555,Caspian Sea,Ukraine,6 x Tu-95MS,40,40,kpszsu/posts/pfbid09Hsk7KsXKRxD6rkpvYWPsUuACkopnLaHGvXE37tnFd6WHHpXAGQcS4maVxy6nXVQl
2023-01-26 10:45,2023-01-26 10:45,X-59,,Ukraine,Su-35,4,0,kpszsu/posts/pfbid09Hsk7KsXKRxD6rkpvYWPsUuACkopnLaHGvXE37tnFd6WHHpXAGQcS4maVxy6nXVQl
2023-01-26 10:45,2023-01-26 10:45,Kalibr,Black Sea,Ukraine,Navi,9,7,kpszsu/posts/pfbid09Hsk7KsXKRxD6rkpvYWPsUuACkopnLaHGvXE37tnFd6WHHpXAGQcS4maVxy6nXVQl
2023-01-26 10:45,2023-01-26 10:45,X-47 Kinzhal,,Ukraine,MiG-31K,2,0,kpszsu/posts/pfbid09Hsk7KsXKRxD6rkpvYWPsUuACkopnLaHGvXE37tnFd6WHHpXAGQcS4maVxy6nXVQl
2023-02-09 15:00,2023-02-09 15:00,Orion,,Kherson oblast,,1,1,kpszsu/posts/pfbid0226h3TSc5qRyXJhtr4F1hpndwKvezFsHnSKS9pJfQHiuJjhuHHRhd2B671xdnAVawl
2023-02-09 21:50,2023-02-10 12:00,X-101/X-555,Caspian Sea and Volgodonsk,Ukraine,8 x Tu-95MS,43,38,CinCAFU/posts/pfbid02VC6dnzG4ivHMHfXpQUvBWvizavn643ddmBvf3T9CVEf7ZPEZCZaivYgo9g9VmDEyl
2023-02-09 21:50,2023-02-10 12:00,Kalibr,Black Sea,Ukraine,Navi,28,23,CinCAFU/posts/pfbid02VC6dnzG4ivHMHfXpQUvBWvizavn643ddmBvf3T9CVEf7ZPEZCZaivYgo9g9VmDEyl
2023-02-09 21:50,2023-02-10 12:00,C-300,Belgorod and Tokmak,Kharkiv oblast and Zaporizhzhia oblast,,35,0,CinCAFU/posts/pfbid02VC6dnzG4ivHMHfXpQUvBWvizavn643ddmBvf3T9CVEf7ZPEZCZaivYgo9g9VmDEyl
2023-02-09 21:50,2023-02-10 12:00,Shahed-136/131,eastern coast of the Sea of Azov,Ukraine,,7,5,CinCAFU/posts/pfbid02VC6dnzG4ivHMHfXpQUvBWvizavn643ddmBvf3T9CVEf7ZPEZCZaivYgo9g9VmDEyl
2023-02-10 18:00,2023-02-10 23:55,Shahed-136/131,eastern coast of the Sea of Azov,Ukraine,,20,20,kpszsu/posts/pfbid0KYrLkzPVQ1XWpphBWQQJKZdMga3PJTV7u3RyRVpr6knnNHVj9Pb88gmQTsdiYLoal
2023-02-11 18:40,2023-02-11 21:30,Orlan-10,eastern coast of the Sea of Azov,,,1,1,kpszsu/posts/pfbid0rzDv4jSfTUPfW4FrSqM45fdm8348LiLc9Cs5T4fcCwDE8XNMGvaQ8WL83DQ7PRzfl
2023-02-11 18:40,2023-02-11 21:30,Shahed-136/131,eastern coast of the Sea of Azov,,,4,4,kpszsu/posts/pfbid0rzDv4jSfTUPfW4FrSqM45fdm8348LiLc9Cs5T4fcCwDE8XNMGvaQ8WL83DQ7PRzfl
2023-02-15,2023-02-15,Unknown UAV,,,,1,1,kpszsu/posts/pfbid0b1FLpVFdTG7JS4DqoSMW5DsiDVY6R7JysuxVAc6BrArvRSfnJ5Y7x9wCGRoH8rVrl
2023-02-16 01:40,2023-02-16 03:45,X-101/X-555,Caspian Sea,Ukraine,2 x Tu-95MS,12,10,CinCAFU/posts/pfbid0242PuE8UQ8wDFAhKsPFLMiUwerhwf8SMJiahW2Vfc9Gzfi9akBowWAgrfBPdasy9yl
2023-02-16 01:40,2023-02-16 03:45,Kalibr,Black Sea,Ukraine,Navi,8,4,CinCAFU/posts/pfbid0242PuE8UQ8wDFAhKsPFLMiUwerhwf8SMJiahW2Vfc9Gzfi9akBowWAgrfBPdasy9yl
2023-02-16 01:40,2023-02-16 03:45,X-22,Kursk,Ukraine,6 x Tu-22M3,12,0,CinCAFU/posts/pfbid0242PuE8UQ8wDFAhKsPFLMiUwerhwf8SMJiahW2Vfc9Gzfi9akBowWAgrfBPdasy9yl
2023-02-16 01:40,2023-02-16 03:45,X-59 and X-31,Melitopol,Ukraine,2 x Su-35,2,2,CinCAFU/posts/pfbid0242PuE8UQ8wDFAhKsPFLMiUwerhwf8SMJiahW2Vfc9Gzfi9akBowWAgrfBPdasy9yl
2023-02-16 01:40,2023-02-16 03:45,P-800 Oniks,,Ukraine,,1,0,CinCAFU/posts/pfbid0242PuE8UQ8wDFAhKsPFLMiUwerhwf8SMJiahW2Vfc9Gzfi9akBowWAgrfBPdasy9yl
2023-02-18 10:00,2023-02-18 10:00,Kalibr,Black Sea,,Navi,4,2,kpszsu/posts/pfbid02sVAR3DYn3VpeN9pw7dHgvxR9uoj4eMGao9bJPpo8nSuMeQWWcSe68qS2htbWrLq7l
2023-02-27 04:00,2023-02-27 04:00,Shahed-136/131,north,,,14,11,kpszsu/posts/pfbid05kfkx3SoEaZ2WMSt227BnGXvNcdAD738EExsfwskU6L8V3itt1i4mtPBQFGwnSmAl
2023-03-01 00:30,2023-03-01 00:30,Shahed-136/131,,north,,4,4,kpszsu/posts/pfbid02DBB34W57bVnVvTqHTAdka5SSNeKFTy7aQwYuvUos4QPWm9KWQQSyBNdgDLNQDrHMl
2023-03-06,2023-03-06,Shahed-136/131,Bryansk oblast,north,,15,13,kpszsu/posts/pfbid0CmNF5YSQeAJz5hVdjcPbPqn67zncWD3qJSyi239nWsJuCFBddeBhcYdug8dezeLtl
2023-03-08 00:00,2023-03-08 00:00,Shahed-136/131,,north,,2,2,kpszsu/posts/pfbid0CmNF5YSQeAJz5hVdjcPbPqn67zncWD3qJSyi239nWsJuCFBddeBhcYdug8dezeLtl
2023-03-09,2023-03-09,X-101/X-555,,Ukraine,10 x Tu-95MS,28,20,GeneralStaff.ua/posts/pfbid02ZkH2oExtT4GJQYc2RAx4AEuLKpD2AVXxJDZAaCHChbv6139FjpQHaxa9sgztDLCRl
2023-03-09,2023-03-09,Kalibr,Black Sea,Ukraine,3 x Navi,20,14,GeneralStaff.ua/posts/pfbid02ZkH2oExtT4GJQYc2RAx4AEuLKpD2AVXxJDZAaCHChbv6139FjpQHaxa9sgztDLCRl
2023-03-09,2023-03-09,X-22,,Ukraine,7 x Tu-22M3,6,0,GeneralStaff.ua/posts/pfbid02ZkH2oExtT4GJQYc2RAx4AEuLKpD2AVXxJDZAaCHChbv6139FjpQHaxa9sgztDLCRl
2023-03-09,2023-03-09,X-47 Kinzhal,,Ukraine,6 x MiG-31K,6,0,GeneralStaff.ua/posts/pfbid02ZkH2oExtT4GJQYc2RAx4AEuLKpD2AVXxJDZAaCHChbv6139FjpQHaxa9sgztDLCRl
2023-03-09,2023-03-09,X-31P,,Ukraine,Su-35,2,0,GeneralStaff.ua/posts/pfbid02ZkH2oExtT4GJQYc2RAx4AEuLKpD2AVXxJDZAaCHChbv6139FjpQHaxa9sgztDLCRl
2023-03-09,2023-03-09,X-59,,Ukraine,Su-35,6,0,GeneralStaff.ua/posts/pfbid02ZkH2oExtT4GJQYc2RAx4AEuLKpD2AVXxJDZAaCHChbv6139FjpQHaxa9sgztDLCRl
2023-03-09,2023-03-09,C-300,,Ukraine,,13,0,GeneralStaff.ua/posts/pfbid02ZkH2oExtT4GJQYc2RAx4AEuLKpD2AVXxJDZAaCHChbv6139FjpQHaxa9sgztDLCRl
2023-03-09,2023-03-09,Shahed-136/131,,,,8,4,GeneralStaff.ua/posts/pfbid02ZkH2oExtT4GJQYc2RAx4AEuLKpD2AVXxJDZAaCHChbv6139FjpQHaxa9sgztDLCRl
2023-03-14 10:00,2023-03-14 10:00,X-31P,Black Sea,Odesa oblast,Su-35,4,0,kpszsu/posts/pfbid02nbyqzTt4wSEjCqSiXAQNvUqDTYssRy4uzsU9g1AhMVEecVYHBd35ZYCUi7CcDbiyl
2023-03-17 21:00,2023-03-18 01:30,Shahed-136/131,Bryansk oblast and eastern coast of the Sea of Azov,,,16,11,kpszsu/posts/pfbid0gA9z7xKgZfqjtDQiB29KDkVYW13GVCiWm2593mMpp75wUu7J81hAbZuR2859pbSXl
2023-03-21 19:40,2023-03-21 19:40,X-59,Black Sea,Odesa oblast,Su-35,2,2,kpszsu/posts/pfbid028Yqv5K3kkb5cW1qedcJxsjSPvEWWcJs6F4GBFARQ6yfSjSTQELpJTTJie6fMirFWl
2023-03-21 23:30,2023-03-22 04:00,Shahed-136/131,Bryansk oblast,,,21,16,kpszsu/posts/pfbid024iAXyJnPeP1hdqUGHEHiwYjCe6KQaDDagdwNW3uum9shiy8kZYQdthvjrNDrardel
2023-03-23 21:30,2023-03-23 21:30,X-59,Black Sea,Odesa oblast,Su-35,2,2,kpszsu/posts/pfbid0USygTZdH2uCcQmH41N6mKxupQw6rVAdacJDuYXtkAKzvWVMhhKEbBJc3L2hptJg8l
2023-03-27 21:40,2023-03-27 23:50,KAB,Morozovsk,Kherson oblast,Su-35,2,0,kpszsu/posts/pfbid02Nxjn4XnkVbatmymR38DzJiCU2BKBegRrj3TiyCYB1aQj2pio6dcXiPx6yTqTJ2n4l
2023-03-27 21:40,2023-03-27 23:50,Granat-4,,,,1,1,kpszsu/posts/pfbid02Nxjn4XnkVbatmymR38DzJiCU2BKBegRrj3TiyCYB1aQj2pio6dcXiPx6yTqTJ2n4l
2023-03-27 21:40,2023-03-27 23:50,Shahed-136/131,north and south-east,,,13,12,kpszsu/posts/pfbid02Nxjn4XnkVbatmymR38DzJiCU2BKBegRrj3TiyCYB1aQj2pio6dcXiPx6yTqTJ2n4l
2023-03-30 21:10,2023-03-30 01:30,Shahed-136/131,Bryansk oblast,,,10,9,kpszsu/posts/pfbid0b6i2XPMG2vi6bg4a4SSMB8zo7eZY9YRj5R7JK3UCmNokTp4et9pUUokBrdocidP7l
2023-04-04 03:00,2023-04-04 03:00,Shahed-136/131,eastern coast of the Sea of Azov,Odesa oblast and Mykolaiv oblast,,17,14,kpszsu/posts/pfbid02eUCAGwRgPADbaszSKgio1B5pRERfSgjEHbiwnh8E8WRMvSFpqfnWqZbbSM4jg38Vl
2023-04-08 13:00,2023-04-08 13:00,Supercam,,Mykolaiv oblast,,1,1,PvKPivden/posts/pfbid0QuEX5yDh6XcWHX8UtAZywEyfyXh5VX1YBK1Q4aHg7cdBFeakdhCh9NoN6NG3H9e8l
2023-04-10,2023-04-10,Orlan-10,north,,,1,1,PvkCenter/posts/pfbid061CJbwPE4ptosYqQ79TkTMpLVyXHq7SHj963VhDA5xY5q4HteUYi8XBmSiEhh8FSl
2023-04-10,2023-04-10,Merlin-VR,north,,,1,1,PvkCenter/posts/pfbid061CJbwPE4ptosYqQ79TkTMpLVyXHq7SHj963VhDA5xY5q4HteUYi8XBmSiEhh8FSl
2023-04-18,2023-04-18 22:00,Shahed-136/131,south-east,,,8,6,kpszsu/posts/pfbid02KuVs351ShfikiPCM3iKXApKvktgSBaoFJ5AdqhQm6DfXTYG9aFgXhRohqww2N7bKl
2023-04-18,2023-04-18 22:00,Orlan-10,south-east,,,1,1,kpszsu/posts/pfbid02KuVs351ShfikiPCM3iKXApKvktgSBaoFJ5AdqhQm6DfXTYG9aFgXhRohqww2N7bKl
2023-04-19,2023-04-19 03:00,Shahed-136/131,south,Odesa oblast,,12,10,kpszsu/posts/pfbid02gJa6xa3yj9P23Hp6c6HPHtLbGFEUDP2kvfFEpez9fYsNLY3mv665JXq45nZEWeqgl
2023-04-19,2023-04-20 00:20,Shahed-136/131,south-east,,,11,10,kpszsu/posts/pfbid02K4npJgPxeb3k7gFsMS3dQKamcADiPpN6XYdcdtG3jgnjcsjS6vQbqg8RVgNW7kH9l
2023-04-21,2023-04-21 03:00,Shahed-136/131,Bryansk oblast,,,12,8,kpszsu/posts/pfbid0SZzcFXv1dd9PmsurT8WKFDcZczC1XmgG8s5WeWq1avQL9RQd2h8rE2ohEq3gMWhBl
2023-04-21 19:00,2023-04-21 23:50,Shahed-136/131,south-east,,,5,4,kpszsu/posts/pfbid02ouft79RhQtCP2SuAq6tG6mkN6TxoeHearKkujAtsys4FaWeknhFejgfcUQYajnqFl
2023-04-22,2023-04-23 10:30,Lancet,south-east,Mykolaiv oblast and Kherson oblast,,4,4,kpszsu/posts/pfbid02ouft79RhQtCP2SuAq6tG6mkN6TxoeHearKkujAtsys4FaWeknhFejgfcUQYajnqFl
2023-04-23 11:50,2023-04-23 11:50,Merlin-VR,,Mykolaiv oblast,,1,1,kpszsu/posts/pfbid02ouft79RhQtCP2SuAq6tG6mkN6TxoeHearKkujAtsys4FaWeknhFejgfcUQYajnqFl
2023-04-24,2023-04-24 18:00,Shahed-136/131,south,,,6,6,kpszsu/posts/pfbid0u2HpBvwerS8kGCA41R3eCysAwDgtQs5kxoV5WQAnvnN3ih7f95V2rQ48Xjs1wgKHl
2023-04-24,2023-04-24 17:30,Lancet,,Kherson oblast,,2,2,kpszsu/posts/pfbid0u2HpBvwerS8kGCA41R3eCysAwDgtQs5kxoV5WQAnvnN3ih7f95V2rQ48Xjs1wgKHl
2023-04-24,2023-04-24 17:30,Unknown UAV,,Kherson oblast,,1,1,kpszsu/posts/pfbid0u2HpBvwerS8kGCA41R3eCysAwDgtQs5kxoV5WQAnvnN3ih7f95V2rQ48Xjs1wgKHl
2023-04-26,2023-04-26 18:00,Lancet,,Kherson oblast,,5,5,kpszsu/posts/pfbid09RCkdnRwWYsbqUJN8TvGcZ3GBsQBJ8uEmmeoi1xkfCDhiD9bby9cTEHLfYkfUeE9l
2023-04-26,2023-04-26 18:00,Merlin-VR,,Kherson oblast,,1,1,kpszsu/posts/pfbid09RCkdnRwWYsbqUJN8TvGcZ3GBsQBJ8uEmmeoi1xkfCDhiD9bby9cTEHLfYkfUeE9l
2023-04-28 04:00,2023-04-28 06:00,Unknown UAV,,Ukraine,,2,2,kpszsu/posts/pfbid0cWdLNjfwysxXhyweXLAJLZHhHoitjzJZMaMGz3SbU8DLN2DBBNPfVSoR2gyf1fnpl
2023-04-28 04:00,2023-04-28 06:00,X-101/X-555,Caspian Sea,Ukraine,Tu-95,23,21,kpszsu/posts/pfbid0cWdLNjfwysxXhyweXLAJLZHhHoitjzJZMaMGz3SbU8DLN2DBBNPfVSoR2gyf1fnpl
2023-04-29 04:00,2023-04-29 04:00,Shahed-136/131,south-east,,,2,2,kpszsu/posts/pfbid0dFmN22S2XUdUuUpL42Gi5zix1LrcaZnii2YGeNh8th2Z25ibxDzAcABtL3Rv5Jgul
2023-04-29 10:00,2023-04-29 10:00,Unknown UAV,south-east,,,1,1,kpszsu/posts/pfbid0dFmN22S2XUdUuUpL42Gi5zix1LrcaZnii2YGeNh8th2Z25ibxDzAcABtL3Rv5Jgul
2023-05-01 02:00,2023-05-01 04:00,X-101/X-555,Olenegorsk and Caspian Sea,Ukraine,2 x Tu-160 and 9 x Tu-95,18,15,kpszsu/posts/pfbid0cWdLNjfwysxXhyweXLAJLZHhHoitjzJZMaMGz3SbU8DLN2DBBNPfVSoR2gyf1fnpl
2023-05-02 22:30,2023-05-03 05:00,Shahed-136/131,Bryansk oblast and eastern coast of the Sea of Azov,Ukraine,,26,21,kpszsu/posts/pfbid036MBz2hLGvL5nu6hny9Yv79tETxLn917nkPGnPdvhU6zmBcnmUwPzJjLhS51Kxveul
2023-05-03,2023-05-03 13:00,Lancet,south,Mykolaiv oblast and Kherson oblast,,2,2,PvKPivden/posts/pfbid0npzVNZhjZ5KJ9wYxEdQqv1MzeDUMidyNFzdHNM9qJsDfJpe1VSvANBhBHHVWDCfol
2023-05-03,2023-05-03 13:00,Merlin-VR,south,Mykolaiv oblast and Kherson oblast,,1,1,PvKPivden/posts/pfbid0npzVNZhjZ5KJ9wYxEdQqv1MzeDUMidyNFzdHNM9qJsDfJpe1VSvANBhBHHVWDCfol
2023-05-03,2023-05-03 13:00,Unknown UAV,south,Mykolaiv oblast and Kherson oblast,,1,1,PvKPivden/posts/pfbid0npzVNZhjZ5KJ9wYxEdQqv1MzeDUMidyNFzdHNM9qJsDfJpe1VSvANBhBHHVWDCfol
2023-05-04,2023-05-04 08:00,Shahed-136/131,Bryansk oblast and eastern coast of the Sea of Azov,north and Odesa oblast,,24,18,kpszsu/posts/pfbid02JYKx2fRME5rM7iZc7r5ichxUVoCVrgGv1c574cjVMbLPZonc79bAVjc36kQLW8Xrl
2023-05-04,2023-05-04 08:00,Unknown UAV,Bryansk oblast,north,,1,1,kpszsu/posts/pfbid02JYKx2fRME5rM7iZc7r5ichxUVoCVrgGv1c574cjVMbLPZonc79bAVjc36kQLW8Xrl
2023-05-04 02:30,2023-05-04 02:30,X-47 Kinzhal,,Kyiv oblast,1 x MiG-31K,1,1,kpszsu/posts/pfbid02qb6SqPoaUA9kWcbxZAjzu8hXHUvZVifWZVpn1YcEyciqwAJxpSGjC4ha7iXuAEfhl
2023-05-05,2023-05-05 08:00,Shahed-136/131,,south-east,,2,2,kpszsu/posts/pfbid02gQ9YSfn6WTrdkKfkke21bdVY2McySv9TAczEmmpsRZn9R1n6fktLY9mTDB2ZNnFzl
2023-05-06,2023-05-06 08:00,Shahed-136/131,eastern coast of the Sea of Azov,south-east,,8,8,kpszsu/posts/pfbid02qb6SqPoaUA9kWcbxZAjzu8hXHUvZVifWZVpn1YcEyciqwAJxpSGjC4ha7iXuAEfhl
2023-05-06,2023-05-06,Lancet,,front line,,1,1,kpszsu/posts/pfbid02gneSAtXsS3aGXJvgfyr7jZMALo1ma8tMJhRKzjGwVvks9wMU1aFC1f9hp1y2CX5Yl
2023-05-06,2023-05-06,Unknown UAV,,front line,,4,4,kpszsu/posts/pfbid02gneSAtXsS3aGXJvgfyr7jZMALo1ma8tMJhRKzjGwVvks9wMU1aFC1f9hp1y2CX5Yl
2023-05-08 00:00,2023-05-08 00:00,Unknown Missile,Tarkhankut,Odesa oblast,Tu-22M3,8,0,kpszsu/posts/pfbid0MEHNkhvHQVN737gV3sTKR2iK8E3LJu21yaMz9oKpMcZdqrXtJjiXsF616BTypbnDl
2023-05-08,2023-05-08 03:00,Shahed-136/131,Bryansk oblast - Seshcha,Kyiv oblast,,35,35,kpszsu/posts/pfbid0MEHNkhvHQVN737gV3sTKR2iK8E3LJu21yaMz9oKpMcZdqrXtJjiXsF616BTypbnDl
2023-05-08,2023-05-08 17:00,Lancet,,Kherson oblast,,2,2,kpszsu/posts/pfbid02A3nvC3QPKJwjUHY4ytWyCbGFgT4xvzEizFCQvVMLnPwNotcnPS8ZnKQ1Fd1S6AAjl
2023-05-08,2023-05-08 17:00,ZALA,,Kherson oblast,,1,1,kpszsu/posts/pfbid02A3nvC3QPKJwjUHY4ytWyCbGFgT4xvzEizFCQvVMLnPwNotcnPS8ZnKQ1Fd1S6AAjl
2023-05-08,2023-05-08 22:00,Kalibr,Black Sea,south-east,Navi,8,8,kpszsu/posts/pfbid0C5rD37XpUVY66TQvvh1KWM3Bz2wVmByL5uDa6dGAjvc9rQE7gHi6MWzA1uEqqSiUl
2023-05-09 04:00,2023-05-08 06:00,X-101/X-555,Caspian Sea,Ukraine,4 x Tu-95MS,17,15,kpszsu/posts/pfbid0C5rD37XpUVY66TQvvh1KWM3Bz2wVmByL5uDa6dGAjvc9rQE7gHi6MWzA1uEqqSiUl
2023-05-09,2023-05-09 23:30,Shahed-136/131,,south,,3,3,kpszsu/posts/pfbid02skMqDZQNq82rxLALdDvQWDEFf4gW3MNAndEGTrcvraA4PgSc7JeV8uCEV8mLx22Tl
2023-05-12,2023-05-12,Lancet,,,,4,4,kpszsu/posts/pfbid0EUf7C7dyUGpd13K98kXNkh5Y4gg74CZTpwT8JfiPL7JkYB2SJw88BGestv9cUSrxl
2023-05-13 00:00,2023-05-13 06:00,Shahed-136/131,,Ukraine,,21,17,kpszsu/posts/pfbid0EUf7C7dyUGpd13K98kXNkh5Y4gg74CZTpwT8JfiPL7JkYB2SJw88BGestv9cUSrxl
2023-05-13 00:00,2023-05-13 06:00,Orlan-10,,Ukraine,,1,1,kpszsu/posts/pfbid0EUf7C7dyUGpd13K98kXNkh5Y4gg74CZTpwT8JfiPL7JkYB2SJw88BGestv9cUSrxl
2023-05-14 00:00,2023-05-14 07:00,Shahed-136/131,,Ukraine,,18,18,kpszsu/posts/pfbid0ggY2Z7ZfGX3HkG9ND9FSPDshugXSVfaqnFFT8HBbAnSnLDTy2LmYZoA8g6djA4T2l
2023-05-14 00:00,2023-05-14 07:00,Lancet,,Ukraine,,1,1,kpszsu/posts/pfbid0ggY2Z7ZfGX3HkG9ND9FSPDshugXSVfaqnFFT8HBbAnSnLDTy2LmYZoA8g6djA4T2l
2023-05-14 00:00,2023-05-14 07:00,Orlan-10,,Ukraine,,2,2,kpszsu/posts/pfbid0ggY2Z7ZfGX3HkG9ND9FSPDshugXSVfaqnFFT8HBbAnSnLDTy2LmYZoA8g6djA4T2l
2023-05-14 00:00,2023-05-14 07:00,Unknown UAV,,Ukraine,,4,4,kpszsu/posts/pfbid0ggY2Z7ZfGX3HkG9ND9FSPDshugXSVfaqnFFT8HBbAnSnLDTy2LmYZoA8g6djA4T2l
2023-05-14 00:00,2023-05-14 07:00,X-101/X-555,,Ukraine,Tu-95MS,3,3,kpszsu/posts/pfbid0ggY2Z7ZfGX3HkG9ND9FSPDshugXSVfaqnFFT8HBbAnSnLDTy2LmYZoA8g6djA4T2l
2023-05-14,2023-05-14 18:00,Orlan-10,,Kherson oblast,,2,2,kpszsu/posts/pfbid0a2UgLgaMV4SPdjxWkgsU3SXXNBTa6rzC4rn45idBTtt2NJ6KuyaPa3vLB8doRWWzl
2023-05-14,2023-05-14 18:00,ZALA,,Kherson oblast,,1,1,kpszsu/posts/pfbid0a2UgLgaMV4SPdjxWkgsU3SXXNBTa6rzC4rn45idBTtt2NJ6KuyaPa3vLB8doRWWzl
2023-05-14,2023-05-14 23:50,Orlan-10,,north-east,,1,1,kpszsu/posts/pfbid02Urb3RsjU76zqBppZ8vHA43QwWd66Xxzx5GTJ4hmUMTgH3b7RdfjjVQKzK6df4ceel
2023-05-14,2023-05-14 23:50,Shahed-136/131,,north-east,,4,4,kpszsu/posts/pfbid02Urb3RsjU76zqBppZ8vHA43QwWd66Xxzx5GTJ4hmUMTgH3b7RdfjjVQKzK6df4ceel
2023-05-15,2023-05-15 17:00,Orlan-10,,Kherson oblast,,1,1,PvKPivden/posts/pfbid021X5JSJrLCUWQVfhiKYm923GviXASAAb4F3ab4ECEQP8ZtCu1GwwtgVDtsiNvsjBul
2023-05-15,2023-05-15 17:00,Lancet,,Kherson oblast,,2,2,PvKPivden/posts/pfbid021X5JSJrLCUWQVfhiKYm923GviXASAAb4F3ab4ECEQP8ZtCu1GwwtgVDtsiNvsjBul
2023-05-15,2023-05-15 17:00,Supercam,,Kherson oblast,,1,1,PvKPivden/posts/pfbid021X5JSJrLCUWQVfhiKYm923GviXASAAb4F3ab4ECEQP8ZtCu1GwwtgVDtsiNvsjBul
2023-05-16 3:30,2023-05-16 07:00,X-47 Kinzhal,,Ukraine,6 x MiG-31K,6,6,kpszsu/posts/pfbid0ghJSYEmPHYu24PRkc5KdmSjCofS1FQ4LdgmkxBZYkx7ht35UYavurH74MG2fibBrl
2023-05-16 3:30,2023-05-16 07:00,Kalibr,Black Sea,Ukraine,Navi,9,9,kpszsu/posts/pfbid0ghJSYEmPHYu24PRkc5KdmSjCofS1FQ4LdgmkxBZYkx7ht35UYavurH74MG2fibBrl
2023-05-16 3:30,2023-05-16 07:00,C-400 and Iskander-M,,Ukraine,,10,10,kpszsu/posts/pfbid0ghJSYEmPHYu24PRkc5KdmSjCofS1FQ4LdgmkxBZYkx7ht35UYavurH74MG2fibBrl
2023-05-16 3:30,2023-05-16 07:00,Shahed-136/131,,Ukraine,,6,6,kpszsu/posts/pfbid0ghJSYEmPHYu24PRkc5KdmSjCofS1FQ4LdgmkxBZYkx7ht35UYavurH74MG2fibBrl
2023-05-16 3:30,2023-05-16 07:00,Orlan-10,,Ukraine,,1,1,kpszsu/posts/pfbid0ghJSYEmPHYu24PRkc5KdmSjCofS1FQ4LdgmkxBZYkx7ht35UYavurH74MG2fibBrl
2023-05-16 3:30,2023-05-16 07:00,Supercam,,Ukraine,,2,2,kpszsu/posts/pfbid0ghJSYEmPHYu24PRkc5KdmSjCofS1FQ4LdgmkxBZYkx7ht35UYavurH74MG2fibBrl
2023-05-16,2023-05-16 18:00,Orlan-10,,Mykolaiv oblast,,1,1,PvKPivden/posts/pfbid0LDCq1R1DZ8LPMwCSJgjCLdr5fcwAAYPS2cBQFK7cwZMqsoSypxmdHjxwRyPF1bUTl
2023-05-16,2023-05-16 18:00,Unknown UAV,,Mykolaiv oblast,,1,1,PvKPivden/posts/pfbid0LDCq1R1DZ8LPMwCSJgjCLdr5fcwAAYPS2cBQFK7cwZMqsoSypxmdHjxwRyPF1bUTl
2023-05-17 21:00,2023-05-18 05:30,Unknown UAV,,Ukraine,,2,2,kpszsu/posts/pfbid0KDyjrTAQvrkAbAp5U2b8XB6XHLPK2FhgGPSTERFP1uArfrLisiVMwaNYUNpCch16l
2023-05-17 21:00,2023-05-18 05:30,Shahed-136/131,,Ukraine,,2,2,kpszsu/posts/pfbid0KDyjrTAQvrkAbAp5U2b8XB6XHLPK2FhgGPSTERFP1uArfrLisiVMwaNYUNpCch16l
2023-05-17 21:00,2023-05-18 05:30,X-101/X-555,,Ukraine,2 x Tu-160 and 8 x Tu-95,22,21,kpszsu/posts/pfbid0KDyjrTAQvrkAbAp5U2b8XB6XHLPK2FhgGPSTERFP1uArfrLisiVMwaNYUNpCch16l
2023-05-17 21:00,2023-05-18 05:30,Kalibr,Black Sea,Ukraine,Navi,6,6,kpszsu/posts/pfbid0KDyjrTAQvrkAbAp5U2b8XB6XHLPK2FhgGPSTERFP1uArfrLisiVMwaNYUNpCch16l
2023-05-17 21:00,2023-05-18 05:30,Iskander-K,,Ukraine,,2,2,kpszsu/posts/pfbid0KDyjrTAQvrkAbAp5U2b8XB6XHLPK2FhgGPSTERFP1uArfrLisiVMwaNYUNpCch16l
2023-05-19,2023-05-19 08:00,Kalibr,Black Sea,Ukraine,Navi,6,3,kpszsu/posts/pfbid0KDyjrTAQvrkAbAp5U2b8XB6XHLPK2FhgGPSTERFP1uArfrLisiVMwaNYUNpCch16l
2023-05-19,2023-05-19 08:00,Shahed-136/131,,Ukraine,,22,16,kpszsu/posts/pfbid0KDyjrTAQvrkAbAp5U2b8XB6XHLPK2FhgGPSTERFP1uArfrLisiVMwaNYUNpCch16l
2023-05-19,2023-05-19,Shahed-136/131,,east,,2,2,kpszsu/posts/pfbid0B1PT2x4LszYUgYTEqhveMfYyzGGk2bpji2HBqyZkks4ugENkXtRy8EsUE9iZ4N2nl
2023-05-19,2023-05-19,Merlin-VR,,south,,1,1,kpszsu/posts/pfbid0B1PT2x4LszYUgYTEqhveMfYyzGGk2bpji2HBqyZkks4ugENkXtRy8EsUE9iZ4N2nl
2023-05-20,2023-05-20 08:00,Shahed-136/131,,Kyiv oblast,,18,18,kpszsu/posts/pfbid0B1PT2x4LszYUgYTEqhveMfYyzGGk2bpji2HBqyZkks4ugENkXtRy8EsUE9iZ4N2nl
2023-05-20,2023-05-20 18:00,Shahed-136/131,,Mykolaiv oblast and Kherson oblast,,3,3,PvKPivden/posts/pfbid029TWL5hNZZUS9GCK3MFBJRDch9LpJJeG2n1yYdH953rRdjY5dvS6Xwpk7b5XxqfYKl
2023-05-20,2023-05-20 18:00,Merlin-VR,,Mykolaiv oblast and Kherson oblast,,1,1,PvKPivden/posts/pfbid029TWL5hNZZUS9GCK3MFBJRDch9LpJJeG2n1yYdH953rRdjY5dvS6Xwpk7b5XxqfYKl
2023-05-20,2023-05-20 18:00,Orlan-10,,Mykolaiv oblast and Kherson oblast,,1,1,PvKPivden/posts/pfbid029TWL5hNZZUS9GCK3MFBJRDch9LpJJeG2n1yYdH953rRdjY5dvS6Xwpk7b5XxqfYKl
2023-05-20 21:00,2023-05-20 23:59,Shahed-136/131,,east,,4,4,kpszsu/posts/pfbid0383i1m9TQTbyGXCJaRLQWg4VXQyymVp7D1m3FF2iqD1pnF64poP8sbuSGyMzkX1cCl
2023-05-21,2023-05-21 18:00,Merlin-VR,,Kherson oblast,,1,1,PvKPivden/posts/pfbid0a99K3Q1cWZ38TSb8s3YnVmaNUaZoML2JiLSS5atqEy3TPZc27XdvCxJ3GBAFk7G9l
2023-05-21,2023-05-21 18:00,Orlan-10,,Kherson oblast,,1,1,PvKPivden/posts/pfbid0a99K3Q1cWZ38TSb8s3YnVmaNUaZoML2JiLSS5atqEy3TPZc27XdvCxJ3GBAFk7G9l
2023-05-21,2023-05-21 18:00,ZALA,,Kherson oblast,,1,1,PvKPivden/posts/pfbid0a99K3Q1cWZ38TSb8s3YnVmaNUaZoML2JiLSS5atqEy3TPZc27XdvCxJ3GBAFk7G9l
2023-05-22 02:30,2023-05-22 05:30,Shahed-136/131,,Ukraine,,20,20,kpszsu/posts/pfbid0hs89Jjw8gVVJofnKddfMA7fpPuEHyrSPB4VHfKjTwpW8mdp8kCWqGt4fRWvMjkHfl
2023-05-22 02:30,2023-05-22 05:30,X-101/X-555,Caspian Sea,Ukraine,Tu-95MS,4,4,kpszsu/posts/pfbid0hs89Jjw8gVVJofnKddfMA7fpPuEHyrSPB4VHfKjTwpW8mdp8kCWqGt4fRWvMjkHfl
2023-05-22 02:30,2023-05-22 05:30,X-22,Kursk and Sea of Azov,Ukraine,Tu-22M3,5,0,kpszsu/posts/pfbid0hs89Jjw8gVVJofnKddfMA7fpPuEHyrSPB4VHfKjTwpW8mdp8kCWqGt4fRWvMjkHfl
2023-05-22 02:30,2023-05-22 05:30,Iskander-M,Crimea,Ukraine,,2,0,kpszsu/posts/pfbid0hs89Jjw8gVVJofnKddfMA7fpPuEHyrSPB4VHfKjTwpW8mdp8kCWqGt4fRWvMjkHfl
2023-05-22 02:30,2023-05-22 05:30,C-300,Zaporizhzhia oblast,Ukraine,,5,0,kpszsu/posts/pfbid0hs89Jjw8gVVJofnKddfMA7fpPuEHyrSPB4VHfKjTwpW8mdp8kCWqGt4fRWvMjkHfl
2023-05-22,2023-05-22,Merlin-VR,,Ukraine,,2,2,kpszsu/posts/pfbid02Npntf5iLwFLsw2fgtXmZW4z8rpE7hYdjmALXquUPNCfQ2BBwZp1SsKpuEsmaHnuXl
2023-05-23,2023-05-23 08:00,Shahed-136/131,,Ukraine,,6,6,kpszsu/posts/pfbid02Npntf5iLwFLsw2fgtXmZW4z8rpE7hYdjmALXquUPNCfQ2BBwZp1SsKpuEsmaHnuXl
2023-05-25,2023-05-25 08:00,Shahed-136/131,,Ukraine,,36,36,kpszsu/posts/pfbid034ZLv31mdEK43JfAaasmuNNyuAyZ8LwBDUq1by48CW9ha7sA7m3YqVmriovqZbbRRl
2023-05-25 22:00,2023-05-26 05:00,Shahed-136/131,north and south,Ukraine,,31,23,kpszsu/posts/pfbid0Sie5Cf3Y5BG1ej6Y1b3R1CQFxXYqgU576Ssgh8KoxUGK5o7cVhjxQWZQy3Tw6pZel
2023-05-25 22:00,2023-05-26 05:00,C-300 and C-400,Tokmak,Dnipropetrovsk oblast,,7,0,kpszsu/posts/pfbid0Sie5Cf3Y5BG1ej6Y1b3R1CQFxXYqgU576Ssgh8KoxUGK5o7cVhjxQWZQy3Tw6pZel
2023-05-25 22:00,2023-05-26 05:00,X-101/X-555,Caspian Sea,Ukraine,Tu-95MS,10,10,kpszsu/posts/pfbid0Sie5Cf3Y5BG1ej6Y1b3R1CQFxXYqgU576Ssgh8KoxUGK5o7cVhjxQWZQy3Tw6pZel
2023-05-25 22:00,2023-05-26 05:00,Orlan-10,,Ukraine,,1,1,kpszsu/posts/pfbid0Sie5Cf3Y5BG1ej6Y1b3R1CQFxXYqgU576Ssgh8KoxUGK5o7cVhjxQWZQy3Tw6pZel
2023-05-25 22:00,2023-05-26 05:00,Merlin-VR,,Ukraine,,1,1,kpszsu/posts/pfbid0Sie5Cf3Y5BG1ej6Y1b3R1CQFxXYqgU576Ssgh8KoxUGK5o7cVhjxQWZQy3Tw6pZel
2023-05-28,2023-05-28 08:00,Shahed-136/131,Bryansk oblast and Krasnodar Krai,Ukraine,,54,52,kpszsu/posts/pfbid0tVQ9xH2ABkAgEZF7ovHVHgJfkTBY3zXob8UaBv1YaE7Ky1Pj3SK6fBESQMPzKj4Ml
2023-05-29 00:00,2023-05-29 05:00,X-101/X-555,Caspian Sea,Ukraine,9 x Tu-95MS,40,37,kpszsu/posts/pfbid02RLNV7QyRehfEyevpL4SMYACeKJRB7qhPokEkNun31wyWraskYv9gK9fqUFdqYv9Ql
2023-05-29 00:00,2023-05-29 05:00,Shahed-136/131,north and south,Ukraine,,35,29,kpszsu/posts/pfbid02RLNV7QyRehfEyevpL4SMYACeKJRB7qhPokEkNun31wyWraskYv9gK9fqUFdqYv9Ql
2023-05-29 00:00,2023-05-29 05:00,Unknown UAV,north and south,Ukraine,,1,1,kpszsu/posts/pfbid02RLNV7QyRehfEyevpL4SMYACeKJRB7qhPokEkNun31wyWraskYv9gK9fqUFdqYv9Ql
2023-05-29,2023-05-29 11:30,Iskander-M and Iskander-K,north,Kyiv oblast,,11,11,kpszsu/posts/pfbid0gN63ZZomAfkuZ1V12DYXrz7yiYk7BkzALiaLH6nfFMdEZFimtiVCCxW3Xv3kcpYDl
2023-05-29 23:30,2023-05-30 04:30,Shahed-136/131,north and south,Ukraine,,31,29,kpszsu/posts/pfbid0MJmmdbmrydbLXcYN62qma1AmUZUYguKu2KdAUMETSS69YvghuxxJuEHSSk13AaRYl
2023-05-31,2023-05-31,Merlin-VR,,Mykolaiv oblast,,2,2,PvKPivden/posts/pfbid0BEwJu5X7GhLxMqDcnSzsNEA3w6MbYbNG6Bo1xDoKdHni6wQ2SZeTw2LBqc8uHsAJl
2023-05-31,2023-05-31,Lancet,,Mykolaiv oblast,,2,2,PvKPivden/posts/pfbid0BEwJu5X7GhLxMqDcnSzsNEA3w6MbYbNG6Bo1xDoKdHni6wQ2SZeTw2LBqc8uHsAJl
2023-05-31,2023-05-31,Orlan-10,,Mykolaiv oblast,,1,1,PvKPivden/posts/pfbid0BEwJu5X7GhLxMqDcnSzsNEA3w6MbYbNG6Bo1xDoKdHni6wQ2SZeTw2LBqc8uHsAJl
2023-06-01 02:30,2023-06-01 06:00,Iskander-M,Bryansk oblast,Kyiv oblast,,7,7,kpszsu/posts/pfbid01CxRw4Y7zWNeaTzohtZgC1CQBuRtYdZkpGQr4ya4uT2ESRnypVJL9j6exqqyUzA6l
2023-06-01 02:30,2023-06-01 06:00,Iskander-K,Bryansk oblast,Kyiv oblast,,3,3,kpszsu/posts/pfbid01CxRw4Y7zWNeaTzohtZgC1CQBuRtYdZkpGQr4ya4uT2ESRnypVJL9j6exqqyUzA6l
2023-06-01,2023-06-01 23:00,Shahed-136/131,,Kyiv oblast (south),,21,21,kpszsu/posts/pfbid0bX6JnH59foQok3EqsY67BXCYhfVaT3DcGrsHbi84D5gaUNGoiGJVpNHD1yTCQgxTl
2023-06-02 02:00,2023-06-02 04:30,X-101/X-555,Caspian Sea,Kyiv oblast (south),Tu-95MS,15,15,kpszsu/posts/pfbid0bX6JnH59foQok3EqsY67BXCYhfVaT3DcGrsHbi84D5gaUNGoiGJVpNHD1yTCQgxTl
2023-06-04 01:00,2023-06-04 04:00,X-101/X-555,Caspian Sea,Ukraine,6 x Tu-95MS,6,4,kpszsu/posts/pfbid0TbY8FA4pcJjd6rpfP3yHbyFuKJFe1sVWrY4ut3aikesrx7A46BoFpvcNw4Xi5Y9Ml
2023-06-04 01:00,2023-06-04 04:00,Shahed-136/131,Bryansk oblast,Ukraine,,5,3,kpszsu/posts/pfbid0TbY8FA4pcJjd6rpfP3yHbyFuKJFe1sVWrY4ut3aikesrx7A46BoFpvcNw4Xi5Y9Ml
2023-06-06 00:30,2023-06-06 04:00,X-101/X-555,Caspian Sea,Ukraine,6 x Tu-95MS,35,35,kpszsu/posts/pfbid02T3ydkmtPv8qhUaKnnffC997phR5yaZy5a2uD2Htn3QehbqyeBbYkJjCHMyCb4KMBl
2023-06-07,2023-06-07,Orlan-10,,south,,1,1,PvKPivden/posts/pfbid08596Z74KPBCNDdH8KZH5UCWtZHNVEmd8rF9qGwQUNuE63gPiFMWjayhwTweBpAc2l
2023-06-07,2023-06-07,Lancet,,south,,1,1,PvKPivden/posts/pfbid08596Z74KPBCNDdH8KZH5UCWtZHNVEmd8rF9qGwQUNuE63gPiFMWjayhwTweBpAc2l
2023-06-08 20:00,2023-06-08 20:00,Kalibr,Black Sea,Cherkasy oblast,,2,0,kpszsu/posts/pfbid0aqTDjprsEAgaWkFX7iNdaPBDGxms7B1k9QjufHezEh9Thi8QSBfGhNporFPS35G9l
2023-06-08 22:00,2023-06-09 04:00,X-101/X-555,Caspian Sea,Ukraine,4 x Tu-95MS,6,4,kpszsu/posts/pfbid0aqTDjprsEAgaWkFX7iNdaPBDGxms7B1k9QjufHezEh9Thi8QSBfGhNporFPS35G9l
2023-06-08 22:00,2023-06-09 04:00,Shahed-136/131 and Lancet,south,Ukraine,,16,10,kpszsu/posts/pfbid0aqTDjprsEAgaWkFX7iNdaPBDGxms7B1k9QjufHezEh9Thi8QSBfGhNporFPS35G9l
2023-06-08 22:00,2023-06-09 04:00,Orlan-10 and Supercam,south,Ukraine,,4,4,kpszsu/posts/pfbid0aqTDjprsEAgaWkFX7iNdaPBDGxms7B1k9QjufHezEh9Thi8QSBfGhNporFPS35G9l
2023-06-09,2023-06-09,Orlan-10 and ZALA and Supercam,,Ukraine,,12,12,kpszsu/posts/pfbid02sBccedrDaapnwNF7wVpfnWVKAijBLvoVcWSrdSudGVJgMFkhWJjeWRQWGjJU11E1l
2023-06-09 23:00,2023-06-10 05:00,Unknown Missile,,Ukraine,,8,2,kpszsu/posts/pfbid02sBccedrDaapnwNF7wVpfnWVKAijBLvoVcWSrdSudGVJgMFkhWJjeWRQWGjJU11E1l
2023-06-09 23:00,2023-06-10 05:00,Shahed-136/131,,Ukraine,,35,20,kpszsu/posts/pfbid02sBccedrDaapnwNF7wVpfnWVKAijBLvoVcWSrdSudGVJgMFkhWJjeWRQWGjJU11E1l
2023-06-11,2023-06-11 08:00,Shahed-136/131,,Kharkiv oblast and Sumy oblast,,6,6,kpszsu/posts/pfbid0iPVh3CP6bbZyMDZkGtfbkhBUtaJ1hTYXwP4heWPPBd4PqwyxzfULoSdNRPZgQn3ul
2023-06-13,2023-06-13 08:00,X-101/X-555,Caspian Sea,Ukraine,8 x Tu-95MS,14,10,kpszsu/posts/pfbid0DgotRp5GBCXAdd7LrjAN8z5ceZncvRfUUmM4f9jx8VtS6H439JYsqktHZTH7bu8rl
2023-06-13,2023-06-13 08:00,Shahed-136/131,south,Ukraine,,4,1,kpszsu/posts/pfbid0DgotRp5GBCXAdd7LrjAN8z5ceZncvRfUUmM4f9jx8VtS6H439JYsqktHZTH7bu8rl
2023-06-14,2023-06-14 08:00,Kalibr,Black Sea,Odesa oblast,Navi,4,3,kpszsu/posts/pfbid02zYdUtwypDrU3Zr8AJqS5WVK11iufnyLfd8jMzf1mhQXkgrPrhfZsPAgMjkgL1Rvbl
2023-06-14,2023-06-14 08:00,Shahed-136/131,eastern coast of the Sea of Azov,south-east,,10,9,kpszsu/posts/pfbid02zYdUtwypDrU3Zr8AJqS5WVK11iufnyLfd8jMzf1mhQXkgrPrhfZsPAgMjkgL1Rvbl
2023-06-14,2023-06-14 08:00,X-22,Rostov oblast,Donetsk oblast,4 x Tu-22M3,6,0,kpszsu/posts/pfbid02zYdUtwypDrU3Zr8AJqS5WVK11iufnyLfd8jMzf1mhQXkgrPrhfZsPAgMjkgL1Rvbl
2023-06-15 00:20,2023-06-15 04:30,X-101/X-555,Caspian Sea,Dnipropetrovsk oblast,4 x Tu-95MS,4,1,kpszsu/posts/pfbid02bG2bkZB15BfBzEGTz6HstJ88sPxussZaX7VsYwGg8iebMrXitcD4e2qmsxvuZqcCl
2023-06-15 00:20,2023-06-15 04:30,Shahed-136/131,,Ukraine,,20,20,kpszsu/posts/pfbid02bG2bkZB15BfBzEGTz6HstJ88sPxussZaX7VsYwGg8iebMrXitcD4e2qmsxvuZqcCl
2023-06-15,2023-06-15,Orlan-10,,east,,2,2,kpszsu/posts/pfbid034G6qAp59trPecbQtCVcJQnPaoJvoCxftQ47Qmgy25ZEk6NsK4GHQziUPG6Vz8VKHl
2023-06-15,2023-06-15,Orlan-30,,east,,1,1,kpszsu/posts/pfbid034G6qAp59trPecbQtCVcJQnPaoJvoCxftQ47Qmgy25ZEk6NsK4GHQziUPG6Vz8VKHl
2023-06-15,2023-06-15,Lancet,,east,,1,1,kpszsu/posts/pfbid034G6qAp59trPecbQtCVcJQnPaoJvoCxftQ47Qmgy25ZEk6NsK4GHQziUPG6Vz8VKHl
2023-06-15,2023-06-15,ZALA,,east,,1,1,kpszsu/posts/pfbid034G6qAp59trPecbQtCVcJQnPaoJvoCxftQ47Qmgy25ZEk6NsK4GHQziUPG6Vz8VKHl
2023-06-15,2023-06-15,Reconnaissance UAV,,east,,1,1,kpszsu/posts/pfbid034G6qAp59trPecbQtCVcJQnPaoJvoCxftQ47Qmgy25ZEk6NsK4GHQziUPG6Vz8VKHl
2023-06-16,2023-06-16 08:00,Shahed-136/131,,Mykolaiv oblast,,2,2,kpszsu/posts/pfbid034G6qAp59trPecbQtCVcJQnPaoJvoCxftQ47Qmgy25ZEk6NsK4GHQziUPG6Vz8VKHl
2023-06-16 11:00,2023-06-16 11:00,Kalibr,,Kyiv oblast,,6,6,kpszsu/posts/pfbid0KTRrn2DpYFgk8U9eyqnc58DpvD6SZoeGYsizALcXTCHCHpGXXJqhcZkGMQQXJps9l
2023-06-16 11:00,2023-06-16 11:00,X-47 Kinzhal,,Kyiv oblast,,6,6,kpszsu/posts/pfbid0KTRrn2DpYFgk8U9eyqnc58DpvD6SZoeGYsizALcXTCHCHpGXXJqhcZkGMQQXJps9l
2023-06-16,2023-06-16,Reconnaissance UAV,,Kyiv oblast,,2,2,kpszsu/posts/pfbid0KTRrn2DpYFgk8U9eyqnc58DpvD6SZoeGYsizALcXTCHCHpGXXJqhcZkGMQQXJps9l
2023-06-17,2023-06-17,Shahed-136/131,,Ukraine,,4,4,kpszsu/posts/pfbid0m5tVZmZNRHDen5gMmvfdBRxJKVjuZKgpH3zWFe3zao5wLi24KbchhzMm7njjW1RUl
2023-06-17,2023-06-17,Lancet,,Ukraine,,1,1,kpszsu/posts/pfbid0m5tVZmZNRHDen5gMmvfdBRxJKVjuZKgpH3zWFe3zao5wLi24KbchhzMm7njjW1RUl
2023-06-17,2023-06-17,Orlan-10 and Orlan-30 and ZALA and Supercam,,Ukraine,,7,7,kpszsu/posts/pfbid0m5tVZmZNRHDen5gMmvfdBRxJKVjuZKgpH3zWFe3zao5wLi24KbchhzMm7njjW1RUl
2023-06-19,2023-06-19 08:00,Shahed-136/131,eastern coast of the Sea of Azov,Ukraine,,4,4,kpszsu/posts/pfbid02pG26RMu8mhRaPCMkGkHRevXi5BnPf73QnwgytoCrvtJzK72SduCEF5C9krTzt58pl
2023-06-19,2023-06-19 08:00,Kalibr,Black Sea,Ukraine,Navi,4,4,kpszsu/posts/pfbid02pG26RMu8mhRaPCMkGkHRevXi5BnPf73QnwgytoCrvtJzK72SduCEF5C9krTzt58pl
2023-06-20,2023-06-20 08:00,Shahed-136/131,Bryansk oblast and eastern coast of the Sea of Azov,Ukraine,,35,32,kpszsu/posts/pfbid02NHTzdZL9uvUfJnsmcEhcdnWVZ9xYQaWeMDX87s7pJ84bJNfqZ9nYV7Dxzf6czNYMl
2023-06-20,2023-06-20 08:00,Reconnaissance UAV,,Ukraine,,4,4,kpszsu/posts/pfbid0NjTbD1rgJMjhD4NJySsxdd5UrLhngABhNS94szUGZWnred7APyukfyEw8s5nm4Kul
2023-06-20,2023-06-20 08:00,Shahed-136/131,north,Khmelnytskyi oblast,,6,6,kpszsu/posts/pfbid0NjTbD1rgJMjhD4NJySsxdd5UrLhngABhNS94szUGZWnred7APyukfyEw8s5nm4Kul
2023-06-22,2023-06-22 08:00,Shahed-136/131,,Ukraine,,4,3,kpszsu/posts/pfbid02c2NXXBzWPSBPCD9139oMqSuBSG717LmV6n2iMWgoJHKhLo2t4GcqUovUp7VCdLE2l
2023-06-22,2023-06-22 08:00,X-22,Sea of Azov,Dnipropetrovsk oblast,Tu-22M3,3,0,kpszsu/posts/pfbid02c2NXXBzWPSBPCD9139oMqSuBSG717LmV6n2iMWgoJHKhLo2t4GcqUovUp7VCdLE2l
2023-06-22,2023-06-22 08:00,X-47 Kinzhal,,Dnipropetrovsk oblast,MiG-31K,3,0,kpszsu/posts/pfbid02c2NXXBzWPSBPCD9139oMqSuBSG717LmV6n2iMWgoJHKhLo2t4GcqUovUp7VCdLE2l
2023-06-23,2023-06-23 08:00,X-101/X-555,Caspian Sea,Khmelnytskyi oblast,4 x Tu-95MS,13,13,kpszsu/posts/pfbid021CRSbt476ysc8Pjw5n8c4B77wzWqBxsUWHyhzDrgUQSna2ah6LDby5NJcrh7ZfUkl
2023-06-23,2023-06-23,Reconnaissance UAV,,Ukraine,,1,1,kpszsu/posts/pfbid021CRSbt476ysc8Pjw5n8c4B77wzWqBxsUWHyhzDrgUQSna2ah6LDby5NJcrh7ZfUkl
2023-06-24,2023-06-24 08:00,X-101/X-555,Caspian Sea,Ukraine,10 x Tu-95MS,40,40,kpszsu/posts/pfbid02o9ux9dWXfEnGQFAP9Gpit161WRhpSfnZzLRySZbLoXTiQT2Hz1E7zanU5nwYwXJJl
2023-06-24,2023-06-24 08:00,X-22,,Dnipropetrovsk oblast,8 x Tu-22M3,9,0,kpszsu/posts/pfbid02o9ux9dWXfEnGQFAP9Gpit161WRhpSfnZzLRySZbLoXTiQT2Hz1E7zanU5nwYwXJJl
2023-06-24,2023-06-24 08:00,Kalibr,Black Sea,Ukraine,Navi,2,1,kpszsu/posts/pfbid02o9ux9dWXfEnGQFAP9Gpit161WRhpSfnZzLRySZbLoXTiQT2Hz1E7zanU5nwYwXJJl
2023-06-24,2023-06-24 08:00,Shahed-136/131,south,Ukraine,,2,2,kpszsu/posts/pfbid02o9ux9dWXfEnGQFAP9Gpit161WRhpSfnZzLRySZbLoXTiQT2Hz1E7zanU5nwYwXJJl
2023-06-26,2023-06-26 08:00,Kalibr,Black Sea,Ukraine,Submarines,3,2,kpszsu/posts/pfbid0agwkKfLrxvKibzsoY6Fp6NkdHtNtEVHSe1Yz1k2ZYjHRtL4TSxQYojoaqbzrPwTXl
2023-06-26,2023-06-26 08:00,Shahed-136/131,eastern coast of the Sea of Azov,Ukraine,,8,7,kpszsu/posts/pfbid02o9ux9dWXfEnGQFAP9Gpit161WRhpSfnZzLRySZbLoXTiQT2Hz1E7zanU5nwYwXJJl
2023-06-26,2023-06-26 08:00,Unknown UAV,north,Ukraine,,4,4,kpszsu/posts/pfbid02o9ux9dWXfEnGQFAP9Gpit161WRhpSfnZzLRySZbLoXTiQT2Hz1E7zanU5nwYwXJJl
2023-06-28,2023-06-28 08:00,Shahed-136/131,,south-east,,6,6,kpszsu/posts/pfbid02UqC5pQk33y3i5YnnDeQWSt6uKQx5ZDtyBLAZ1U6SsWZVhqky3uB1JBcBt8oE3DE4l
2023-06-30,2023-06-30 08:00,Shahed-136/131,Primorsko-Akhtarsk,Ukraine,,13,10,kpszsu/posts/pfbid0cHEFy6Hvdmhf5zj3Y7ogZYbuD79MLjgy1A1cebvB9jydqhhrTr96Jq6No9aNRJF9l
2023-06-30,2023-06-30 08:00,C-300,,Zaporizhzhia oblast,,4,0,kpszsu/posts/pfbid0cHEFy6Hvdmhf5zj3Y7ogZYbuD79MLjgy1A1cebvB9jydqhhrTr96Jq6No9aNRJF9l
2023-07-02,2023-07-02 08:00,Kalibr,Black Sea,Ukraine,Navi,3,3,kpszsu/posts/pfbid02tiXLSC7anCv99pCVtSqh8yp3HABvWgXtRxw1KxGRqPPDNBVufEWNGJH9ozELg5A3l
2023-07-02,2023-07-02 08:00,Shahed-136/131,south-east,Ukraine,,8,8,kpszsu/posts/pfbid02tiXLSC7anCv99pCVtSqh8yp3HABvWgXtRxw1KxGRqPPDNBVufEWNGJH9ozELg5A3l
2023-07-03,2023-07-03 08:00,Shahed-136/131,south-east,Ukraine,,17,13,kpszsu/posts/pfbid027n7tmg1Lhvepex7NuhtySbfCq7Dsr9XmqfnUwgVErw2PVABBefM3bRueFyKevQ1bl
2023-07-05,2023-07-05,Lancet,,Mykolaiv oblast,,4,4,PvKPivden/posts/pfbid0u8LVhwwcza2aY56jSUrDFyBXrzw3hnGjZYNAzt5KamT6x74mjZUXcgBtgPgG8St3l
2023-07-05,2023-07-05,Merlin-VR,,Mykolaiv oblast,,2,2,PvKPivden/posts/pfbid0u8LVhwwcza2aY56jSUrDFyBXrzw3hnGjZYNAzt5KamT6x74mjZUXcgBtgPgG8St3l
2023-07-05,2023-07-05,ZALA,,Mykolaiv oblast,,1,1,PvKPivden/posts/pfbid0u8LVhwwcza2aY56jSUrDFyBXrzw3hnGjZYNAzt5KamT6x74mjZUXcgBtgPgG8St3l
2023-07-05,2023-07-05,Orlan-10,,Mykolaiv oblast,,1,1,PvKPivden/posts/pfbid0u8LVhwwcza2aY56jSUrDFyBXrzw3hnGjZYNAzt5KamT6x74mjZUXcgBtgPgG8St3l
2023-07-06 01:00,2023-07-06 03:00,Kalibr,Black Sea,Lviv oblast,Navi and Submarines,10,7,kpszsu/posts/pfbid02tqjccggcc9VDG1tYeXvwyG7nHbdKyQPh7c44dHP15Yq5KSRPWQYd1oz4nvmKSCucl
2023-07-07,2023-07-07 08:00,Shahed-136/131,Primorsko-Akhtarsk,Ukraine,,18,12,kpszsu/posts/pfbid02vRUMcAJQHD5rdVfNepoNHFHT9TzsNCd6bpvrcetPnqxs8oN1zP6KjDB4weHjFUxql
2023-07-08,2023-07-08 08:00,Shahed-136/131,Primorsko-Akhtarsk,Dnipropetrovsk oblast and Kirovohrad oblast,,5,5,kpszsu/posts/pfbid02H645vRmzj22RUcWfDnkn1jDwUhtcN8Dd4JtFFaK8SeGJnjLjNKEPYHuTp1PR6iUvl
2023-07-10,2023-07-10,Lancet,,Ukraine,,3,3,kpszsu/posts/pfbid02gA6dnTM8U5PZEYbGCyHkUVy6nyJhReNg12XyRi8aLBSJJQDgdn2Qck3q8hR4yoM5l
2023-07-10,2023-07-10,Reconnaissance UAV,,Ukraine,,4,4,kpszsu/posts/pfbid02gA6dnTM8U5PZEYbGCyHkUVy6nyJhReNg12XyRi8aLBSJJQDgdn2Qck3q8hR4yoM5l
2023-07-11,2023-07-11 08:00,ZALA,Primorsko-Akhtarsk,Ukraine,,1,1,kpszsu/posts/pfbid02gA6dnTM8U5PZEYbGCyHkUVy6nyJhReNg12XyRi8aLBSJJQDgdn2Qck3q8hR4yoM5l
2023-07-11,2023-07-11 08:00,Shahed-136/131,Primorsko-Akhtarsk,Ukraine,,28,26,kpszsu/posts/pfbid02gA6dnTM8U5PZEYbGCyHkUVy6nyJhReNg12XyRi8aLBSJJQDgdn2Qck3q8hR4yoM5l
2023-07-12,2023-07-12 08:00,Shahed-136/131,Kursk,Ukraine,,15,11,kpszsu/posts/pfbid02zeKgAFLRCdj9XjF6gBNumUW4zEtMJ6JwwxdG2ry5arydETnYvsY4zEzHyZBA92Gxl
2023-07-13,2023-07-13 08:00,Shahed-136/131,Primorsko-Akhtarsk and Kursk,Kyiv oblast,,20,20,kpszsu/posts/pfbid0p93LQ2D36hdFu6mzFj4wBtVYDfjCjzVXrw9A27cw4BitYtEqz9DsTY2fEudBMHvWl
2023-07-13,2023-07-13 08:00,Kalibr,Black Sea,Ukraine,Navi,2,2,kpszsu/posts/pfbid0p93LQ2D36hdFu6mzFj4wBtVYDfjCjzVXrw9A27cw4BitYtEqz9DsTY2fEudBMHvWl
2023-07-13,2023-07-13 08:00,Iskander-M,"Dzhankoi, Crimea",Ukraine,,1,0,kpszsu/posts/pfbid0p93LQ2D36hdFu6mzFj4wBtVYDfjCjzVXrw9A27cw4BitYtEqz9DsTY2fEudBMHvWl
2023-07-13,2023-07-13,Reconnaissance UAV,,Ukraine,,6,6,kpszsu/posts/pfbid02PA3NBWQRaSG9KYfocoYaPyYfeAyqstEVc9hBi4auEtnqQQBpzCY26fhJH2EHCjG4l
2023-07-13 22:00,2023-07-14 04:00,Shahed-136/131,Primorsko-Akhtarsk,Ukraine,,17,16,kpszsu/posts/pfbid02PA3NBWQRaSG9KYfocoYaPyYfeAyqstEVc9hBi4auEtnqQQBpzCY26fhJH2EHCjG4l
2023-07-13 22:00,2023-07-14 04:00,Reconnaissance UAV,,Ukraine,,1,1,kpszsu/posts/pfbid02PA3NBWQRaSG9KYfocoYaPyYfeAyqstEVc9hBi4auEtnqQQBpzCY26fhJH2EHCjG4l
2023-07-14,2023-07-14,Orlan-10 and ZALA,,Ukraine,,3,3,kpszsu/posts/pfbid02k6MBayJW81ynMrR82UYbAxKe6hVNJUMWCxAH2i5w9oKakLrv67JTNt1gLUu9tTRul
2023-07-14,2023-07-14,Lancet,,Ukraine,,3,3,kpszsu/posts/pfbid02k6MBayJW81ynMrR82UYbAxKe6hVNJUMWCxAH2i5w9oKakLrv67JTNt1gLUu9tTRul
2023-07-15,2023-07-15 08:00,Shahed-136/131,south,Ukraine,,6,4,kpszsu/posts/pfbid02k6MBayJW81ynMrR82UYbAxKe6hVNJUMWCxAH2i5w9oKakLrv67JTNt1gLUu9tTRul
2023-07-17,2023-07-17,Shahed-136/131,,Ukraine,,3,3,kpszsu/posts/pfbid02aR7u6QH6b5KXs1QhM4R1fYUK33tu6zf9C3vEhmt8x8XnHnBiL8DJFYZwnawpY6WUl
2023-07-17,2023-07-17,Lancet,,Ukraine,,1,1,kpszsu/posts/pfbid02aR7u6QH6b5KXs1QhM4R1fYUK33tu6zf9C3vEhmt8x8XnHnBiL8DJFYZwnawpY6WUl
2023-07-17,2023-07-17,Reconnaissance UAV,,Ukraine,,9,9,kpszsu/posts/pfbid02aR7u6QH6b5KXs1QhM4R1fYUK33tu6zf9C3vEhmt8x8XnHnBiL8DJFYZwnawpY6WUl
2023-07-18,2023-07-18 08:00,Shahed-136/131,"Chauda, Crimea",Ukraine,,36,31,kpszsu/posts/pfbid02aR7u6QH6b5KXs1QhM4R1fYUK33tu6zf9C3vEhmt8x8XnHnBiL8DJFYZwnawpY6WUl
2023-07-18,2023-07-18 08:00,Reconnaissance UAV,,Ukraine,,1,1,kpszsu/posts/pfbid02aR7u6QH6b5KXs1QhM4R1fYUK33tu6zf9C3vEhmt8x8XnHnBiL8DJFYZwnawpY6WUl
2023-07-18,2023-07-18 08:00,Kalibr,Black Sea,Ukraine,Admiral Essen,6,6,kpszsu/posts/pfbid02aR7u6QH6b5KXs1QhM4R1fYUK33tu6zf9C3vEhmt8x8XnHnBiL8DJFYZwnawpY6WUl
2023-07-19,2023-07-19 08:00,Shahed-136/131,"Primorsko-Akhtarsk and Chauda, Crimea",Ukraine,,32,23,kpszsu/posts/pfbid0G2MgCSCuPJfjyQRnMP1fATuMZhY3jfNqxNAdSqSJ5V891Bu9gHzbxMzGqWFsRkM1l
2023-07-19,2023-07-19 08:00,X-59,Black Sea,Ukraine,Su-35,1,1,kpszsu/posts/pfbid0G2MgCSCuPJfjyQRnMP1fATuMZhY3jfNqxNAdSqSJ5V891Bu9gHzbxMzGqWFsRkM1l
2023-07-19,2023-07-19 08:00,Kalibr,Black Sea,Ukraine,Admiral Essen and Ingushetiya,16,13,kpszsu/posts/pfbid02aR7u6QH6b5KXs1QhM4R1fYUK33tu6zf9C3vEhmt8x8XnHnBiL8DJFYZwnawpY6WUl
2023-07-19,2023-07-19 08:00,X-22,Black Sea,Odesa oblast,Tu-22M3,8,0,kpszsu/posts/pfbid02aR7u6QH6b5KXs1QhM4R1fYUK33tu6zf9C3vEhmt8x8XnHnBiL8DJFYZwnawpY6WUl
2023-07-19,2023-07-19 08:00,P-800 Oniks,Crimea,Odesa oblast,K-300P Bastion-P,6,0,kpszsu/posts/pfbid02aR7u6QH6b5KXs1QhM4R1fYUK33tu6zf9C3vEhmt8x8XnHnBiL8DJFYZwnawpY6WUl
2023-07-20,2023-07-20 08:00,Shahed-136/131,"Chauda, Crimea and Kursk",Ukraine,,19,13,kpszsu/posts/pfbid0DpoNWxKEtNgFxJME4sBfrafFqvwkU1JVGP5VdfJyRQi2FKjT9zMhjQLXEdzGAjCfl
2023-07-20,2023-07-20 08:00,Kalibr,Black Sea,Odesa oblast and Mykolaiv oblast,Submarines,3,2,kpszsu/posts/pfbid0DpoNWxKEtNgFxJME4sBfrafFqvwkU1JVGP5VdfJyRQi2FKjT9zMhjQLXEdzGAjCfl
2023-07-20,2023-07-20 08:00,Iskander-K,Crimea,Odesa oblast and Mykolaiv oblast,,5,3,kpszsu/posts/pfbid0DpoNWxKEtNgFxJME4sBfrafFqvwkU1JVGP5VdfJyRQi2FKjT9zMhjQLXEdzGAjCfl
2023-07-20,2023-07-20 08:00,P-800 Oniks,Crimea,Odesa oblast and Mykolaiv oblast,K-300P Bastion-P,7,0,kpszsu/posts/pfbid02aR7u6QH6b5KXs1QhM4R1fYUK33tu6zf9C3vEhmt8x8XnHnBiL8DJFYZwnawpY6WUl
2023-07-20,2023-07-20 08:00,X-22,Black Sea,Odesa oblast and Mykolaiv oblast,8 x Tu-22M3,4,0,kpszsu/posts/pfbid02aR7u6QH6b5KXs1QhM4R1fYUK33tu6zf9C3vEhmt8x8XnHnBiL8DJFYZwnawpY6WUl
2023-07-21,2023-07-21,Reconnaissance UAV,,Ukraine,,9,9,kpszsu/posts/pfbid037FsfE5HDYsLDZXge2hjFNZ2xVA95ezcfZcuBN2oz2WULAqm99cp7V1G2KZ2JN431l
2023-07-22,2023-07-22 08:00,Shahed-136/131,south-east,Ukraine,,5,5,kpszsu/posts/pfbid037FsfE5HDYsLDZXge2hjFNZ2xVA95ezcfZcuBN2oz2WULAqm99cp7V1G2KZ2JN431l
2023-07-23,2023-07-23 08:00,P-800 Oniks,Crimea,Odesa oblast,K-300P Bastion-P,5,0,kpszsu/posts/pfbid0a9WKS466JLBCvD1RT16KbQJyh7Xmj6N2D6b7zXtt5cNBr6Aap8iPhX18akZ8dAT2l
2023-07-23,2023-07-23 08:00,X-22,Black Sea,Odesa oblast,Tu-22M3,3,0,kpszsu/posts/pfbid0a9WKS466JLBCvD1RT16KbQJyh7Xmj6N2D6b7zXtt5cNBr6Aap8iPhX18akZ8dAT2l
2023-07-23,2023-07-23 08:00,Kalibr,Black Sea,Odesa oblast,Submarines,4,4,kpszsu/posts/pfbid0a9WKS466JLBCvD1RT16KbQJyh7Xmj6N2D6b7zXtt5cNBr6Aap8iPhX18akZ8dAT2l
2023-07-23,2023-07-23 08:00,Iskander-K,Crimea,Odesa oblast,,5,5,kpszsu/posts/pfbid0a9WKS466JLBCvD1RT16KbQJyh7Xmj6N2D6b7zXtt5cNBr6Aap8iPhX18akZ8dAT2l
2023-07-23,2023-07-23 08:00,Iskander-M,Crimea,Odesa oblast,,2,2,kpszsu/posts/pfbid0a9WKS466JLBCvD1RT16KbQJyh7Xmj6N2D6b7zXtt5cNBr6Aap8iPhX18akZ8dAT2l
2023-07-24,2023-07-24 08:00,Shahed-136/131,,Odesa oblast,,3,3,PvKPivden/posts/pfbid02VxWthn2Bxfjd7NWdnhsRErJqbvZJsZ7dBxj1nNFrJCbSvSmFK6GfVN9LbK2tHHL8l
2023-07-26 13:00,2023-07-26 15:00,Kalibr,Black Sea,Vinnytsia oblast,Submarines,3,3,kpszsu/posts/pfbid0eT48d2mvLi9nBCwxzNVQ1SqDBjqMGnC7MKfufB2RMSdkTRaapcDuudeLhCDNoguVl
2023-07-26 17:00,2023-07-26 20:30,X-101/X-555,Caspian Sea,Ukraine,Tu-95MS,36,33,kpszsu/posts/pfbid0FJryxF5kgD8MV2DdX6dsTMganBHgS2n1GFqqKfxy4NMNq1w5NY9KyJJcypAi8Wdcl
2023-07-26 19:00,2023-07-26 20:30,X-47 Kinzhal,,Khmelnytskyi oblast,MiG-31K,4,0,kpszsu/posts/pfbid02c2NXXBzWPSBPCD9139oMqSuBSG717LmV6n2iMWgoJHKhLo2t4GcqUovUp7VCdLE2l
2023-07-27,2023-07-27 08:00,Kalibr,Black Sea,Odesa oblast,Submarines,2,0,kpszsu/posts/pfbid02Xh6gGS8czPjeZ8utuB6KBjyHU9Ux7YetZD6EQkuKWxyDwqFrUFnoXX2CT271Z43cl
2023-07-27,2023-07-27 08:00,Shahed-136/131,Primorsko-Akhtarsk,Ukraine,,8,8,kpszsu/posts/pfbid02Xh6gGS8czPjeZ8utuB6KBjyHU9Ux7YetZD6EQkuKWxyDwqFrUFnoXX2CT271Z43cl
2023-07-29,2023-07-29,Reconnaissance UAV,,Ukraine,,4,4,kpszsu/posts/pfbid0UWRgHR46E8c17XQs1rPmcNRbc7spoPLjMy1aHMEivJegF7kYMxcL6HZoyFMXyzvfl
2023-07-30,2023-07-30 08:00,Shahed-136/131,south-east,Kherson oblast and Dnipropetrovsk oblast,,4,4,kpszsu/posts/pfbid0UWRgHR46E8c17XQs1rPmcNRbc7spoPLjMy1aHMEivJegF7kYMxcL6HZoyFMXyzvfl
2023-08-02,2023-08-02 08:00,Shahed-136/131,"Primorsko-Akhtarsk and Chauda, Crimea and Kursk",Kyiv oblast and Odesa oblast,,23,23,kpszsu/posts/pfbid02f8UtPcp6vdUsVuGXu3F92vvWmZsz8ff3LZcZidqp5a3g7TZAqmbCvZnWfjHdrJHCl
2023-08-02,2023-08-02,Reconnaissance UAV,,Ukraine,,7,7,kpszsu/posts/pfbid0wDMZn2f8VTKcFCbteQqns4PfvFYvGz87WgcyYoQyZinkN4k7trkvQH7GwbgtU8e3l
2023-08-03,2023-08-03 08:00,Shahed-136/131,Bryansk oblast,Ukraine,,15,15,kpszsu/posts/pfbid0wDMZn2f8VTKcFCbteQqns4PfvFYvGz87WgcyYoQyZinkN4k7trkvQH7GwbgtU8e3l
2023-08-05 18:00,2023-08-05 19:40,Kalibr,Black Sea,Ukraine,Navi,14,13,kpszsu/posts/pfbid025rdabDT54nYrng1FMM3dun272VfG2MCwztSKRVLcMbwwpZTVHKcz3BowRQ8yNaUWl
2023-08-05 18:00,2023-08-05 19:40,X-47 Kinzhal,,Ukraine,,3,0,kpszsu/posts/pfbid025rdabDT54nYrng1FMM3dun272VfG2MCwztSKRVLcMbwwpZTVHKcz3BowRQ8yNaUWl
2023-08-05 22:00,2023-08-06 05:00,Shahed-136/131,south-east,Ukraine,,27,27,kpszsu/posts/pfbid025rdabDT54nYrng1FMM3dun272VfG2MCwztSKRVLcMbwwpZTVHKcz3BowRQ8yNaUWl
2023-08-05 22:00,2023-08-06 05:00,Kalibr,Black Sea,Ukraine,Navi,6,5,kpszsu/posts/pfbid025rdabDT54nYrng1FMM3dun272VfG2MCwztSKRVLcMbwwpZTVHKcz3BowRQ8yNaUWl
2023-08-05 22:00,2023-08-06 05:00,X-101/X-555,Caspian Sea,Ukraine,Tu-95MS,20,13,kpszsu/posts/pfbid025rdabDT54nYrng1FMM3dun272VfG2MCwztSKRVLcMbwwpZTVHKcz3BowRQ8yNaUWl
2023-08-10 23:00,2023-08-10 04:00,Shahed-136/131,south-east,Ukraine,,10,7,kpszsu/posts/pfbid02xjvkgHc6XHCis3kWpZK82FrK5zjPNQcAHDbEecDefUMrszhUMu1HxYThVMAhtxkYl
2023-08-11 09:00,2023-08-11 10:30,X-47 Kinzhal,Tula oblast and Lipetsk oblast,Kolomyia,4 x MiG-31K,4,1,kpszsu/posts/pfbid023Vo3R9tGY26LLmiAJJH7qiN2tGEucEU2j8cY8HmQn7Sh7873Zz7xMG9SAjX1cx9gl
2023-08-12 01:30,2023-08-12 03:30,Shahed-136/131,south-east,Zaporizhzhia oblast,,5,3,kpszsu/posts/pfbid0vzoTQnBMeEHbFiPnNLDaL5ba4yngu56EjcRS7PKuUeG1FCrT8G6mLSfGvzzPjwnPl
2023-08-14 01:00,2023-08-14 03:00,Shahed-136/131,Primorsko-Akhtarsk,Odesa oblast,,15,15,kpszsu/posts/pfbid07kB5N4kC3oiXTvDEYy5qsdmfY7XZQ5dHNv9s4cwmZVk8CaQRq2jnemSZ2HgKPKMfl
2023-08-14 01:00,2023-08-14 03:00,Kalibr,"Black Sea, Yalta",Odesa oblast,Navi,8,8,kpszsu/posts/pfbid07kB5N4kC3oiXTvDEYy5qsdmfY7XZQ5dHNv9s4cwmZVk8CaQRq2jnemSZ2HgKPKMfl
2023-08-15 03:00,2023-08-15 06:00,Kalibr,"Black Sea, Yalta",Ukraine,Navi,4,2,kpszsu/posts/pfbid02u5WwAk89ivUogMeMXMtMy66t1nSMZDphse8akxaoSon6s91vfzW8QhN6X3S94gdil
2023-08-15 03:00,2023-08-15 06:00,X-22,Soltsy-2 and Shaykovka,Ukraine,6 x Tu-22M3,4,0,kpszsu/posts/pfbid02u5WwAk89ivUogMeMXMtMy66t1nSMZDphse8akxaoSon6s91vfzW8QhN6X3S94gdil
2023-08-15 03:00,2023-08-15 06:00,X-101/X-555,Engels-2 and Olenya,Ukraine,11 x Tu-95MS,20,14,kpszsu/posts/pfbid02u5WwAk89ivUogMeMXMtMy66t1nSMZDphse8akxaoSon6s91vfzW8QhN6X3S94gdil
2023-08-15 03:00,2023-08-15 06:00,C-300 and C-400,,Dnipropetrovsk oblast and Zaporizhzhia oblast,,8,0,kpszsu/posts/pfbid02u5WwAk89ivUogMeMXMtMy66t1nSMZDphse8akxaoSon6s91vfzW8QhN6X3S94gdil
2023-08-15 22:00,2023-08-16 05:00,Shahed-136/131,"Primorsko-Akhtarsk and Chauda, Crimea",Odesa oblast,,13,13,kpszsu/posts/pfbid02ERDUJ3Bi7i8kyny1iojLo5S2DaEXnXxK1ewnwBmNfakn9Lz8j9U7D1MkS8kHgwBSl
2023-08-16 02:00,2023-08-16 05:00,Shahed-136/131,,Kharkiv oblast,,3,3,pvkshid/posts/pfbid02P5ukn9sREyLZtwoG8p8q2yT3q8a7yboyrDjn57rFtequxbHKVKXrHKvdTgTkLCbzl
2023-08-18,2023-08-18,Lancet,,Ukraine,,1,1,kpszsu/posts/pfbid02aoR8trkT5EtxwqdhBLgcFHUUuzo8XoWvEpyYTp7CLFpDePTRD5d6kWcStk8zzLL7l
2023-08-18,2023-08-18,Reconnaissance UAV,,Ukraine,,6,6,kpszsu/posts/pfbid02aoR8trkT5EtxwqdhBLgcFHUUuzo8XoWvEpyYTp7CLFpDePTRD5d6kWcStk8zzLL7l
2023-08-19 01:00,2023-08-19 05:00,Shahed-136/131,Kursk,Ukraine,,17,15,kpszsu/posts/pfbid02aoR8trkT5EtxwqdhBLgcFHUUuzo8XoWvEpyYTp7CLFpDePTRD5d6kWcStk8zzLL7l
2023-08-23,2023-08-23 08:00,Shahed-136/131,"Primorsko-Akhtarsk and Chauda, Crimea",Odesa oblast and Zaporizhzhia oblast,,20,11,kpszsu/posts/pfbid0YCGojmJ2qscJghaaiJFtEncyW5TZxSr1GNm7MdCmc6WdS2BLPY5W7n6cGTUQDr7Ul
2023-08-24 02:30,2023-08-24 02:30,Iskander-K,,Dnipro,,1,1,pvkshid/posts/pfbid032tR8KGKqavWERrHKpTLC5Nj5jCHpbobi3obPmisPHwAZLTZVXwKryCUjL8LpKFVbl
2023-08-25,2023-08-25 08:00,X-59,Black Sea,Odesa oblast,Su-34,2,2,kpszsu/posts/pfbid02JA16wvNTAYo9Qqb3jRkbHd7CdskNCYoJCPJkmzritrfV7RHPWX8XDqMEpCfh32crl
2023-08-25,2023-08-25 08:00,Kalibr,Black Sea,Odesa oblast,Navi,2,2,kpszsu/posts/pfbid02JA16wvNTAYo9Qqb3jRkbHd7CdskNCYoJCPJkmzritrfV7RHPWX8XDqMEpCfh32crl
2023-08-25,2023-08-25 08:00,Shahed-136/131,Primorsko-Akhtarsk,Dnipropetrovsk oblast,,1,1,kpszsu/posts/pfbid0YCGojmJ2qscJghaaiJFtEncyW5TZxSr1GNm7MdCmc6WdS2BLPY5W7n6cGTUQDr7Ul
2023-08-26 00:00,2023-08-26 00:00,Shahed-136/131,,Kharkiv oblast,,2,2,pvkshid/posts/pfbid0YB5FhiC1q2kAGgzhXvzVUqmwjQxtwkBq1dDhiTD9wLrh4TvH6yWa5aC8hz4y3VqSl
2023-08-27 00:00,2023-08-27 00:00,Shahed-136/131,,Zaporizhzhia oblast,,2,2,pvkshid/posts/pfbid0avCASzqeToLBQTXQJVbNHzCXRyoQkVTH5Y3WBGi6E2wAGAvR8yBiD4JNobSF5QB8l
2023-08-27,2023-08-27 08:00,X-101/X-555,Engels-2,Ukraine,5 x Tu-95MS,8,4,kpszsu/posts/pfbid0336edVfmu5gQPaiQ7atmkqfAVD3EQDG542hMMnATNUquVw8FrxQaMM7EHfjnqXchRl
2023-08-28,2023-08-28 08:00,X-59,Kherson oblast,Kryvyi Rih,2 x Su-34,2,2,kpszsu/posts/pfbid0noXbai1J1Se2Zti4RjUure8pQyVWtGs2nd9TNQd3JGQNGseQihofZd4ixqMZQ7vJl
2023-08-28,2023-08-28 08:00,Kalibr,Black Sea,Ukraine,Navi,4,2,kpszsu/posts/pfbid0noXbai1J1Se2Zti4RjUure8pQyVWtGs2nd9TNQd3JGQNGseQihofZd4ixqMZQ7vJl
2023-08-30,2023-08-30 08:00,X-101/X-555,Engels-2 and Caspian Sea,Ukraine,11 x Tu-95MS,28,28,kpszsu/posts/pfbid0oruWTYj37LrJBnHemMFvEc1ZgcaNCBP9HxYaknKBJ15sqfKYDnAFemskTNstPAQAl
2023-08-30,2023-08-30 08:00,Shahed-136/131,Primorsko-Akhtarsk and Kursk,Ukraine,,16,15,kpszsu/posts/pfbid0oruWTYj37LrJBnHemMFvEc1ZgcaNCBP9HxYaknKBJ15sqfKYDnAFemskTNstPAQAl
2023-09-01,2023-09-01 08:00,Kalibr,"Black Sea, Feodosia",Vinnytsia oblast,Navi,2,1,kpszsu/posts/pfbid022Zy1K4MJCGftCWKzTBvKqUhooN224KT81wZyykEphqpYZDHNTyMCN4s9KbzRduTJl
2023-09-03,2023-09-03 08:00,Shahed-136/131,"Primorsko-Akhtarsk and Chauda, Crimea",Odesa oblast,,25,22,kpszsu/posts/pfbid0CFrTK1Mv6Fxr2hZ92iCrn4hpFCEKyGVVohmVCApySEsMdwwaLPnrKxSkNKUh5Lh2l
2023-09-04,2023-09-04 08:00,Shahed-136/131,"Primorsko-Akhtarsk and Chauda, Crimea",Odesa oblast and Dnipropetrovsk oblast,,32,23,kpszsu/posts/pfbid02ewFXfraeQYUCVK8tm7yBZ5Am33QoDyG52j3Xfx1Va2ANEnE2jgpqvzPMjSvpNR8xl
2023-09-06,2023-09-06 08:00,Shahed-136/131,"Primorsko-Akhtarsk and Chauda, Crimea",Ukraine,,25,15,kpszsu/posts/pfbid033mRb3g2CZkcEgjFwyB8VVoboLRgUeiNUyaSC4zwE9dT898BELfPT3TMQputuYRTTl
2023-09-06,2023-09-06 08:00,X-101/X-555,Engels-2,Ukraine,9 x Tu-95MS,7,7,kpszsu/posts/pfbid033mRb3g2CZkcEgjFwyB8VVoboLRgUeiNUyaSC4zwE9dT898BELfPT3TMQputuYRTTl
2023-09-06,2023-09-06 08:00,Iskander-M,,Ukraine,,1,1,kpszsu/posts/pfbid033mRb3g2CZkcEgjFwyB8VVoboLRgUeiNUyaSC4zwE9dT898BELfPT3TMQputuYRTTl
2023-09-07,2023-09-07 08:00,Shahed-136/131,"Primorsko-Akhtarsk and Chauda, Crimea and Kursk",Odesa oblast and Sumy oblast,,33,25,kpszsu/posts/pfbid0khSJGBXa1HarTH3KV1NaX3Zr1e5kCdSTpC1GUUimnekQVox2AU27v5PoqCZApq15l
2023-09-08,2023-09-08 08:00,Shahed-136/131,"Primorsko-Akhtarsk and Chauda, Crimea",Odesa oblast and Mykolaiv oblast,,20,16,kpszsu/posts/pfbid033EdRQE74HSpf8ecbrQn96VCrhb4Q2fLEiSe8VRLnFTBJEgX782WXr15YKXajHqQJl
2023-09-10,2023-09-10 08:00,Shahed-136/131,Kursk,Kyiv oblast,,33,26,kpszsu/posts/pfbid02mcWj9AMBHLE7h9zSvKp4Kfzh4DpmaBGmpFN9w8vrtk6cHjrcZUVw4X7oRHhiYVu4l
2023-09-11,2023-09-11 08:00,Shahed-136/131,Primorsko-Akhtarsk and Yeysk,Dnipropetrovsk oblast and Zaporizhzhia oblast and Mykolaiv oblast,,12,12,kpszsu/posts/pfbid0a6NG3hRGniR4EX16JVKSBBfqbBFBiWTqfZi3ULju4mSy3tFX748FzVQXy9gCqkx9l
2023-09-11,2023-09-11 08:00,Unknown UAV,Primorsko-Akhtarsk and Yeysk,Dnipropetrovsk oblast and Zaporizhzhia oblast and Mykolaiv oblast,,1,1,kpszsu/posts/pfbid0a6NG3hRGniR4EX16JVKSBBfqbBFBiWTqfZi3ULju4mSy3tFX748FzVQXy9gCqkx9l
2023-09-13,2023-09-13 08:00,Shahed-136/131,"Primorsko-Akhtarsk and Chauda, Crimea and Kursk",Odesa oblast and Sumy oblast,,44,32,kpszsu/posts/pfbid0NpXawbEkCYvxd8yUjyuYPjM59g5guV5yTiwnfGZU5h2bPmVpEAfHDWxh9ZpxqJc2l
2023-09-13 21:00,2023-09-14 02:30,Shahed-136/131,"Chauda, Crimea and Yeysk and Kursk",Dnipropetrovsk oblast and Zaporizhzhia oblast and Mykolaiv oblast and Sumy oblast,,22,17,kpszsu/posts/pfbid02QzzYCHxhfGxm5ACMoysUDNKrGP2UpMqPvxtGRdbMQHx86xecztcPxua1XUdyyh9ql
2023-09-15,2023-09-15 08:00,Shahed-136/131,Primorsko-Akhtarsk,Khmelnytskyi oblast,,17,17,kpszsu/posts/pfbid0GRm5C1C64jHCrNuTFCpBMfZ3hNa9M6GPnc9a4GyACRhAC2XtugWw2Uqt9inEjbP8l
2023-09-17,2023-09-17 08:00,Shahed-136/131,"Primorsko-Akhtarsk and Chauda, Crimea",Odesa oblast,,6,6,kpszsu/posts/pfbid02ceEupL3d8FjqH6vMuPJ48dft8pa36i5S4KPWuxQ9H79vJxKZ1cL5stjtdnyr53RVl
2023-09-17,2023-09-17 08:00,X-101/X-555,Engels-2,Odesa oblast,9 x Tu-95MS,10,6,kpszsu/posts/pfbid02ceEupL3d8FjqH6vMuPJ48dft8pa36i5S4KPWuxQ9H79vJxKZ1cL5stjtdnyr53RVl
2023-09-18,2023-09-17 08:00,Shahed-136/131,"Primorsko-Akhtarsk and Chauda, Crimea",Odesa oblast and Mykolaiv oblast,,24,18,kpszsu/posts/pfbid0CgeqMGydfN2J46MmrJhCFETdSidb6TsPR7ZTi5yYuuKMbCBVRXodqxKdbyXE8qsXl
2023-09-18,2023-09-18 08:00,X-101/X-555,Volgograd oblast,Dnipropetrovsk oblast and Poltava oblast and Khmelnytskyi oblast,8 x Tu-95MS,17,17,kpszsu/posts/pfbid0CgeqMGydfN2J46MmrJhCFETdSidb6TsPR7ZTi5yYuuKMbCBVRXodqxKdbyXE8qsXl
2023-09-19,2023-09-19 08:00,Shahed-136/131,Primorsko-Akhtarsk,Ukraine,,30,27,kpszsu/posts/pfbid0sWg6AVNDaDDnVKxrUveBntM5fKzg4ge1FFqNN27SmGSwZ9HjcfT3xkQWmnR7xCiXl
2023-09-19,2023-09-19 08:00,Reconnaissance UAV,,east,,1,1,kpszsu/posts/pfbid0sWg6AVNDaDDnVKxrUveBntM5fKzg4ge1FFqNN27SmGSwZ9HjcfT3xkQWmnR7xCiXl
2023-09-19,2023-09-19 08:00,Iskander-M,Crimea,Kryvyi Rih,,1,0,kpszsu/posts/pfbid0sWg6AVNDaDDnVKxrUveBntM5fKzg4ge1FFqNN27SmGSwZ9HjcfT3xkQWmnR7xCiXl
2023-09-20,2023-09-20 08:00,Shahed-136/131,south-east and north,Dnipropetrovsk oblast and Poltava oblast and Kirovohrad oblast and Sumy oblast,,24,17,kpszsu/posts/pfbid0sWg6AVNDaDDnVKxrUveBntM5fKzg4ge1FFqNN27SmGSwZ9HjcfT3xkQWmnR7xCiXl
2023-09-21 03:00,2023-09-21 09:00,X-101/X-555,Engels-2,Ukraine,10 x Tu-95MS,43,36,kpszsu/posts/pfbid02jhEYAG61EFvdqXayMTUCCQU7DJuexcex7L7QwdKiXFNKrV43kzmKHYsXfgEoeu1Jl
2023-09-21 06:00,2023-09-21 06:00,C-300,,Kharkiv,,6,0,kharkivoda.gov.ua/news/123125
2023-09-23,2023-09-23 08:00,Shahed-136/131,Primorsko-Akhtarsk,Dnipropetrovsk oblast and Zaporizhzhia oblast,,15,14,kpszsu/posts/pfbid02Z6AUWYLcAwU74Zwryx9heFV3AfFZUFqGGat8geR2quZvE8sMz3gKijWp7H8uh3syl
2023-09-23,2023-09-23,Orlan-10,,Mykolaiv oblast,,2,2,PvKPivden/posts/pfbid02yWQJTgJNdHaA6tAuwhmYo5dvAuqNHnud4pSPArzchPKR81QgbH4AQgDuG2bcgjzCl
2023-09-24,2023-09-24,Lancet,,Ukraine,,3,3,kpszsu/posts/pfbid02e4bAEj9oMLc3FWSxMgRDgbtWJoczE6nnvmMdmJUWjp66BWbwCy7Xe1pHosEjHuaZl
2023-09-24,2023-09-24,Reconnaissance UAV,,Ukraine,,4,4,kpszsu/posts/pfbid02e4bAEj9oMLc3FWSxMgRDgbtWJoczE6nnvmMdmJUWjp66BWbwCy7Xe1pHosEjHuaZl
2023-09-25,2023-09-25 08:00,Shahed-136/131,Primorsko-Akhtarsk,Odesa oblast,,19,19,kpszsu/posts/pfbid02e4bAEj9oMLc3FWSxMgRDgbtWJoczE6nnvmMdmJUWjp66BWbwCy7Xe1pHosEjHuaZl
2023-09-25,2023-09-25 08:00,Kalibr,Black Sea,Odesa oblast,Navi and Submarines,12,11,kpszsu/posts/pfbid02e4bAEj9oMLc3FWSxMgRDgbtWJoczE6nnvmMdmJUWjp66BWbwCy7Xe1pHosEjHuaZl
2023-09-25,2023-09-25 08:00,P-800 Oniks,"Sevastopol, Crimea",Odesa oblast,K-300P Bastion-P,2,0,kpszsu/posts/pfbid02e4bAEj9oMLc3FWSxMgRDgbtWJoczE6nnvmMdmJUWjp66BWbwCy7Xe1pHosEjHuaZl
2023-09-26,2023-09-26 08:00,Shahed-136/131,"Primorsko-Akhtarsk and Chauda, Crimea",Ukraine,,38,26,kpszsu/posts/pfbid0uG2SKgWyeuahzjTbHoAT7mBEkNDCmQvZv3QuUBiy9f92Dy6UtwQKGytuBwhvyEjTl
2023-09-27,2023-09-27,Orlan-10 and ZALA and Supercam,,Ukraine,,6,6,kpszsu/posts/pfbid02iGM8xne4zRxa4es3kviG12H9a3aKP23bm5urorfJhWwpAcLdzgNDjraYdPCtqoZPl
2023-09-28,2023-09-28 08:00,Shahed-136/131,"Primorsko-Akhtarsk and Chauda, Crimea",Ukraine,,44,34,kpszsu/posts/pfbid02iGM8xne4zRxa4es3kviG12H9a3aKP23bm5urorfJhWwpAcLdzgNDjraYdPCtqoZPl
2023-09-30,2023-09-30 08:00,Shahed-136/131,"Chauda, Crimea",Odesa oblast and Mykolaiv oblast and Vinnytsia oblast,,40,30,kpszsu/posts/pfbid02i6C8feNLAzbquaAcvAsuxqsGQqsSw2f6Jnr9Uyj8YkYgf7s39fBLFJGq2e7689ytl
2023-10-01,2023-10-01 08:00,Shahed-136/131,"Primorsko-Akhtarsk and Chauda, Crimea and Kursk",Odesa oblast and Mykolaiv oblast,,30,16,kpszsu/posts/pfbid0hbugrr54qVTjDFfGyP5bbMQDmJFhF8kKTUiz2jBAEjdUxVFiC253SmsbX1JUzHfdl
2023-10-01,2023-10-01,Merlin-VR,,Mykolaiv oblast and Kherson oblast,,3,3,kpszsu/posts/pfbid02mfmHEAw531QSdcBqxd2rM1YFjgZMRXpkDZswEtkqHbyzifkb72S88GDKGwT5ujil
2023-10-02,2023-10-02 08:00,Shahed-136/131,Primorsko-Akhtarsk,Kryvyi Rih,,7,4,kpszsu/posts/pfbid0HkDYj3aYPjKQmZo3PQhbApVPuavfUfM3sZ8GDR8k4kUQLPxhCYQEVFfUft8JnXqfl
2023-10-03,2023-10-03 08:00,Shahed-136/131,"Chauda, Crimea",Dnipropetrovsk oblast and Mykolaiv oblast,,31,29,kpszsu/posts/pfbid0JjSgkUhYhaxdmaxt2CDSbBCAnWBwEMoLY2wJX2kEHMZx89kCui666H4sdQo4soRYl
2023-10-03,2023-10-03 08:00,Iskander-K,"Dzhankoi, Crimea",Dnipropetrovsk oblast,,1,1,kpszsu/posts/pfbid0JjSgkUhYhaxdmaxt2CDSbBCAnWBwEMoLY2wJX2kEHMZx89kCui666H4sdQo4soRYl
2023-10-05,2023-10-05 08:00,Shahed-136/131,"Chauda, Crimea",Odesa oblast and Mykolaiv oblast and Kirovohrad oblast,,29,24,kpszsu/posts/pfbid0veX2fsS5wQ6mddvwzG7n4PKgPDzyGTCK2JVsHDUG7gC1n8P5JMeFdcxxcTAjmdATl
2023-10-06,2023-10-06 08:00,Shahed-136/131,"Chauda, Crimea",south and north and center,,33,25,kpszsu/posts/pfbid034Z6HuMatFQctMPMnUw8UACDy2cPN3DmmK8vk1WnktAoJGxe7L4Q7HowjLgQ4Jtj6l
2023-10-10,2023-10-10 08:00,Shahed-136/131,"Chauda, Crimea",Odesa oblast and Mykolaiv oblast and Kherson oblast,,36,27,kpszsu/posts/pfbid02fc3L2BS8e4YTrqff3WAkGq8YFV5Sxfupv8WAfqeUf1jgRLecBpsK2N2s1Pt6vWcQl
2023-10-11,2023-10-11,Supercam,,Mykolaiv oblast,,1,1,PvKPivden/posts/pfbid09HS7N22yjSjC5bXQ6XefsxpKhqN37XVQg8DmTy6FEFgUkfwaBGoxBkh2nTp9GcK8l
2023-10-12,2023-10-12 08:00,Shahed-136/131,"Chauda, Crimea and Belgorod oblast",Ukraine,,33,28,kpszsu/posts/pfbid0AtbAttpjdi83V5JxQLfJAG82deptAnAuKwoTPmvh7EYELdez6335XKAXn1U8NCD4l
2023-10-15,2023-10-15 08:00,Unknown UAV,,Dnipropetrovsk oblast,,1,1,pvkshid/posts/pfbid02itizSggLT6V7mab4puTYsnXw2HZCft8BHdW511RZ7ZGZKHw1b1CQ9T3cSMQyka1yl
2023-10-16,2023-10-16 08:00,Shahed-136/131,,Ukraine,,12,11,kpszsu/posts/pfbid0hD6LZC8BbgYKASoApK5xcFyjUrLB145wLNKcZMifxxTV82JE1PRJejkoR8yDWdrMl
2023-10-16,2023-10-16 08:00,X-59,,north and east,,5,2,kpszsu/posts/pfbid0hD6LZC8BbgYKASoApK5xcFyjUrLB145wLNKcZMifxxTV82JE1PRJejkoR8yDWdrMl
2023-10-16,2023-10-16 08:00,Iskander-M,,Ukraine,,1,0,kpszsu/posts/pfbid0hD6LZC8BbgYKASoApK5xcFyjUrLB145wLNKcZMifxxTV82JE1PRJejkoR8yDWdrMl
2023-10-17,2023-10-17 08:00,Shahed-136/131,"Chauda, Crimea",Odesa oblast,,6,6,kpszsu/posts/pfbid0nHrJkC9uGSymwvAUEpLjttqdMmQL1Jn3RzwUZ4xF5gKUQJkWUQcj9iSp411KCLnBl
2023-10-17,2023-10-17 08:00,X-59,Kherson oblast,Mykolaiv oblast,Su-34,1,1,kpszsu/posts/pfbid0nHrJkC9uGSymwvAUEpLjttqdMmQL1Jn3RzwUZ4xF5gKUQJkWUQcj9iSp411KCLnBl
2023-10-17,2023-10-17 08:00,C-300,,east,,2,0,kpszsu/posts/pfbid0nHrJkC9uGSymwvAUEpLjttqdMmQL1Jn3RzwUZ4xF5gKUQJkWUQcj9iSp411KCLnBl
2023-10-18,2023-10-18,Lancet,,Kherson oblast,,1,1,kpszsu/posts/pfbid02hB8MwGCUpCqyHm7WkLdcQwLcLyjcxAM7dgztsf18THC26dqrvdw3J7p2b5ykk6Ucl
2023-10-18 20:00,2023-10-19 05:00,Shahed-136/131,,Ukraine,,9,3,kpszsu/posts/pfbid02hB8MwGCUpCqyHm7WkLdcQwLcLyjcxAM7dgztsf18THC26dqrvdw3J7p2b5ykk6Ucl
2023-10-18 20:00,2023-10-19 05:00,X-59,,"Dnipropetrovsk oblast, Kryvyi Rih Raion",,1,1,kpszsu/posts/pfbid02hB8MwGCUpCqyHm7WkLdcQwLcLyjcxAM7dgztsf18THC26dqrvdw3J7p2b5ykk6Ucl
2023-10-18 20:00,2023-10-19 05:00,C-300,,Ukraine,,1,0,kpszsu/posts/pfbid02hB8MwGCUpCqyHm7WkLdcQwLcLyjcxAM7dgztsf18THC26dqrvdw3J7p2b5ykk6Ucl
2023-10-18 20:00,2023-10-19 05:00,Iskander-M,,Ukraine,,5,0,kpszsu/posts/pfbid02hB8MwGCUpCqyHm7WkLdcQwLcLyjcxAM7dgztsf18THC26dqrvdw3J7p2b5ykk6Ucl
2023-10-18 20:00,2023-10-19 05:00,Unknown Missile,,Ukraine,,1,0,kpszsu/posts/pfbid02hB8MwGCUpCqyHm7WkLdcQwLcLyjcxAM7dgztsf18THC26dqrvdw3J7p2b5ykk6Ucl
2023-10-21,2023-10-21,Lancet,,south,,3,3,kpszsu/posts/pfbid02UzKcAY7VmLRroYcu21BHeQiVaNLjcYMnaWu1Qj2zEsnGhPJCUzrahetBeEwThT1Ll
2023-10-22,2023-10-22 08:00,X-59,Zaporizhzhia oblast,"Dnipropetrovsk oblast, Synelnykove Raion",Su-34,1,1,kpszsu/posts/pfbid02UzKcAY7VmLRroYcu21BHeQiVaNLjcYMnaWu1Qj2zEsnGhPJCUzrahetBeEwThT1Ll
2023-10-22,2023-10-22 08:00,C-300,Belgorod oblast and Donetsk oblast,east,,8,0,kpszsu/posts/pfbid02UzKcAY7VmLRroYcu21BHeQiVaNLjcYMnaWu1Qj2zEsnGhPJCUzrahetBeEwThT1Ll
2023-10-22,2023-10-22 08:00,Shahed-136/131,"Chauda, Crimea",south,,3,3,kpszsu/posts/pfbid02UzKcAY7VmLRroYcu21BHeQiVaNLjcYMnaWu1Qj2zEsnGhPJCUzrahetBeEwThT1Ll
2023-10-22,2023-10-22 08:00,Unknown UAV,north,north,,2,0,kpszsu/posts/pfbid02UzKcAY7VmLRroYcu21BHeQiVaNLjcYMnaWu1Qj2zEsnGhPJCUzrahetBeEwThT1Ll
2023-10-23,2023-10-23 08:00,X-59,Zaporizhzhia oblast,"Dnipropetrovsk oblast, Synelnykove Raion",Su-34,1,1,kpszsu/posts/pfbid02ot8t6aQJhpcN3q2Zv9FAyt2CCrr3NsvaZ2n6pQeLtPB1t9Gx6ZzowU5tNPRHEFsjl
2023-10-23,2023-10-23 08:00,Shahed-136/131,"Chauda, Crimea",south and east and center,,13,13,kpszsu/posts/pfbid02ot8t6aQJhpcN3q2Zv9FAyt2CCrr3NsvaZ2n6pQeLtPB1t9Gx6ZzowU5tNPRHEFsjl
2023-10-23,2023-10-23 08:00,Unknown UAV,north,north,,1,1,kpszsu/posts/pfbid02ot8t6aQJhpcN3q2Zv9FAyt2CCrr3NsvaZ2n6pQeLtPB1t9Gx6ZzowU5tNPRHEFsjl
2023-10-24,2023-10-24 08:00,Shahed-136/131,"Chauda, Crimea",Mykolaiv oblast and Vinnytsia oblast and Khmelnytskyi oblast,,6,6,kpszsu/posts/pfbid02pSgSjjg3WxuFazm5GDmXhGPoM86XsuG1sREYxVPkaesK646Whqj1qKD2PNppcMDZl
2023-10-24,2023-10-24 09:00,X-59,,"Dnipropetrovsk oblast, Kamianske Raion",,1,1,pvkshid/posts/pfbid027Guo6c9beMHGMSK9Yhvze5jRiPsBJPFQQAZzYHP7ZYX5hGeWhunjsvE9ehnUiFzxl
2023-10-25,2023-10-25 08:00,Shahed-136/131,Primorsko-Akhtarsk,Ukraine,,11,11,kpszsu/posts/pfbid08bUAnNPyYUEEyQR3k5TvB19YhDLT2piHEM1jjXaGbX7MnSWXBcDEwMhGUyEiF7mal
2023-10-27,2023-10-27 08:00,Shahed-136/131,Primorsko-Akhtarsk,Mykolaiv oblast and Kherson oblast,,6,5,kpszsu/posts/pfbid02QtMYD6k63SniTFwy1LREEp4km3Ft7761dLbokpbBfDYbJzE4tLakb6a7JzfAh4Btl
2023-10-27,2023-10-27 08:00,Iskander-M,Voronezh Oblast,Kharkiv oblast,,1,0,kpszsu/posts/pfbid02QtMYD6k63SniTFwy1LREEp4km3Ft7761dLbokpbBfDYbJzE4tLakb6a7JzfAh4Btl
2023-10-27,2023-10-27,X-59,,Mykolaiv oblast,,3,3,PvKPivden/posts/pfbid0fXuJpaeNnMqCivxqHf96eqw8F4m1Q7KXazgw4pbkJXPBf2L9Ci5V4qxvhm6qnnCGl
2023-10-27,2023-10-27,Lancet,,Kherson oblast,,2,2,PvKPivden/posts/pfbid0fXuJpaeNnMqCivxqHf96eqw8F4m1Q7KXazgw4pbkJXPBf2L9Ci5V4qxvhm6qnnCGl
2023-10-28,2023-10-28 01:00,Iskander-K,"Dzhankoi, Crimea","Dnipropetrovsk oblast, Dnipro Raion and Dnipropetrovsk oblast, Kryvyi Rih Raion",,4,3,kpszsu/posts/pfbid02TM6NQTTj6w7VyFe2f7e5D5Vs6JQ663d3VqQW72xCNp8W9k9nfjBun3bHVaRS42XQl
2023-10-29,2023-10-29 08:00,Shahed-136/131,Primorsko-Akhtarsk,Mykolaiv oblast and Zaporizhzhia oblast and Khmelnytskyi oblast,,5,5,kpszsu/posts/pfbid0jw1y41huTFYCMiHZtgS98DtDkqz3u34tVvakELrwPwXP6rm1XiBDzYFovGqbEEkLl
2023-10-29,2023-10-29 08:00,X-59,Belgorod oblast,"Poltave oblast, Myrhorod Raion",Su-34,1,0,kpszsu/posts/pfbid0jw1y41huTFYCMiHZtgS98DtDkqz3u34tVvakELrwPwXP6rm1XiBDzYFovGqbEEkLl
